,Unnamed: 0.1.1.1.1,clip_id,youtube_id,start_time,end_time,split,action,adverb,caption,clustered_action,clustered_adverb
0,1544,PxKSE8BD1bA_000099_000109,PxKSE8BD1bA,99.0,109.0,train,arrange,inside,A man is arranging flowers inside of a plastic vase.,arrange,indoor
1,33913,zFfjgoPXVrU_000004_000014,zFfjgoPXVrU,4.0,14.0,train,exit,quickly,"A young man descends into a cold pool of water, he exits quickly due to the cold.",exit,quickly
2,44440,1g5LrfyjaEc_000020_000030,1g5LrfyjaEc,20.0,30.0,train,tip,down,"A person folds up a piece of paper, picks up an unopened glass bottle and tips it upside down before holding the paper against the bottle cap.",tilt,downwards
3,83960,_EZnII98jzU_000131_000141,_EZnII98jzU,131.0,141.0,train,place,up,"A person places their hands palms up in a pink bowl labeled  sanitizing solution, turns them palms down, removes their hands from the solution, places them palms together and gives a bow.",put,upwards
4,57645,GNOpBXS2PnE_000000_000010,GNOpBXS2PnE,0.0,10.0,train,apply,carefully,A person carefully applies blue and violet pencil to their lips,spread,carefully
5,18906,-WmjG9gBUTI_000301_000311,-WmjG9gBUTI,301.0,311.0,train,dance,slowly,Five women are shown dancing slowly in a dimly lit room.,dance,slowly
6,4441,2MdSyWlyxXs_000382_000392,2MdSyWlyxXs,382.0,392.0,train,ride,outdoors,A man rides a motorized bicycle outdoors in the snow.,ride,outdoor
7,83232,sJ-xgDg5k08_000430_000440,sJ-xgDg5k08,430.0,440.0,train,tickle,gently,A baby smiles at an unseen man who talks to him and laughs and tickles him gently.,tickle,gently
8,12782,vP1lpAOnw4c_000081_000091,vP1lpAOnw4c,81.0,91.0,train,cut,properly,A man is demonstrating how to properly cut a chicken.,cut,properly
9,3888,zkyy5cC7SL4_000000_000010,zkyy5cC7SL4,0.0,10.0,train,bend,backwards,"A woman dressed in belly-dancing attire is seen dancing to music with a long stick that she drapes over herself and bends over backwards while she balances the stick, before returning upright.",bend,backwards
10,24600,_LpEKcYOebg_000006_000016,_LpEKcYOebg,6.0,16.0,train,fall,halfway,a person is using a rope to jump into the river but falls down halfway,fall,partially
11,24580,8EMK8AoG3h8_000012_000022,8EMK8AoG3h8,12.0,22.0,train,slip,off,A woman standing on the edge of a pool slide slips off hitting her head as she falls into the pool,move,off
12,17393,F6hrp7AGq38_000000_000010,F6hrp7AGq38,0.0,10.0,train,laugh,quietly,A girl in the backseat of a car makes funny faces for the camera while someone off-screen laughs quietly.,laugh,quietly
13,67733,O-d38Fi5MFg_000147_000157,O-d38Fi5MFg,147.0,157.0,train,play,loudly,Tandem skydivers float through the air with hard rock music playing loudly in background.,play,loudly
14,33805,TCUVf1FeR_g_000005_000015,TCUVf1FeR_g,5.0,15.0,train,jump,out,A group of kids out some icy cold water jumping and take off running,jump,out
15,740,wTdO7pISUgs_000049_000059,wTdO7pISUgs,49.0,59.0,train,lean,forward,A man stands behind a podium and talks into a microphone while reading from a paper and looking up intermittently and another man leans forward and talks into another microphone.,tilt,forwards
16,59046,hH0KOsHPsLM_000001_000011,hH0KOsHPsLM,1.0,11.0,train,ride,on,A little girl is learning to ride her bike with the training wheels on.,ride,on
17,52395,YPxTLac91uA_000001_000011,YPxTLac91uA,1.0,11.0,train,shoot,continously,A man continously shoots a lifted firearm in the backyard and looks at fallen metal container.,shoot,continuously
18,18529,aoS_An3ltEI_000010_000020,aoS_An3ltEI,10.0,20.0,train,cut,thoroughly,A person is in a room thoroughly cutting through a skinless pineapple,cut,completely
19,37154,bqw5GN5NvqE_000180_000190,bqw5GN5NvqE,180.0,190.0,train,fall,in,a person riding over the water holding to a balloon fall in.,fall,in
20,23420,w3D9NJNXKLE_000013_000023,w3D9NJNXKLE,13.0,23.0,train,look,occasionally,A man with a beard and glasses is sitting at a table eating crisps while occasionally looking at the camera.,look,periodically
21,56093,nTyjO4pDrto_000000_000010,nTyjO4pDrto,0.0,10.0,train,punch,aggressively,Music plays while a person aggressively punches a punching bag.,hit,firmly
22,18532,NkzkVdzfRd4_000462_000472,NkzkVdzfRd4,462.0,472.0,train,chop,haphazardly,A person haphazardly chops up pineapple without much rhyme or reason.,cut,carelessly
23,73547,E6RXAWX9FNU_000000_000010,E6RXAWX9FNU,0.0,10.0,train,jerk,sideways,"Man on a swing holds chains, separates feet and jerks slightly sideways.",move,horizontally
24,41351,U9ulxegfHko_000025_000035,U9ulxegfHko,25.0,35.0,train,spread,evenly,A little boy assist in making pizza by using a big scooper to evenly spread the sauce on the dough.,spread,evenly
25,26743,5dFAjoXajs4_000004_000014,5dFAjoXajs4,4.0,14.0,train,move,suddenly,A boy is holding a pan in their hand they suddenly move the pan in a way that makes them flip the food.,move,instantly
26,54962,grCvWqS0_5I_000009_000019,grCvWqS0_5I,9.0,19.0,train,rotate,vertically,A man polishes a shiny metal bar using a vertically rotating wheel under a counter.,turn,vertically
27,7831,_mXhPmXT9IM_000277_000287,_mXhPmXT9IM,277.0,287.0,train,place,randomly,A child is playing with some lego pieces that are randomly placed and is explaining something.,put,unevenly
28,85139,Lzyw6d2M3V8_001759_001769,Lzyw6d2M3V8,1759.0,1769.0,train,tear,accidentally,A boy tears a wax strip off a friend's leg and accidentally tears some flesh.,separate,accidently
29,27202,QPRkGPsclhs_000035_000045,QPRkGPsclhs,35.0,45.0,train,fold,neatly,A young white man is demonstrating how to fold a shirt neatly.,fold,neatly
30,26789,aDRdrEMNp2c_000002_000012,aDRdrEMNp2c,2.0,12.0,train,flip,unsuccessfully,"Man holds skillet in front of stove, tries to flip pancake unsuccessfully, and then flips pancake showing browned side up.",turn,improperly
31,39137,f4Pk8kyexso_000003_000013,f4Pk8kyexso,3.0,13.0,train,put,steadily,A man steadily puts a small screwdriver into a lock that he is holding.,put,gradually
32,69826,A61J-H5wntE_000099_000109,A61J-H5wntE,99.0,109.0,train,land,intentionally,"A snowboarder in a Santa Claus suit snowboarding down a slope, and he intentionally lands bottom down.",land,purposefully
33,23719,1X40xidx7ak_000015_000025,1X40xidx7ak,15.0,25.0,train,eat,messily,A young girl messily eats ice cream while observing a noisy activity.,eat,messily
34,41316,lBTrM49a4Bs_000008_000018,lBTrM49a4Bs,8.0,18.0,train,pat,quickly,Two men quickly pat pizza dough down into a pan and pinch the edges.,touch,quickly
35,1005,8hXxJW8433w_000064_000074,8hXxJW8433w,64.0,74.0,train,massage,thoroughly,The lady is massaging her face thoroughly prior to putting on make up.,knead,completely
36,28255,Bbg515rTOls_000026_000036,Bbg515rTOls,26.0,36.0,train,put,inside,Someone puts a box inside of a green box and closes the lid.,put,indoor
37,15491,0xw_ssuEtZw_000110_000120,0xw_ssuEtZw,110.0,120.0,train,cook,outside,A man is cooking an egg outside on a rock.,cook,outdoor
38,35052,2FHj17K-OUQ_000195_000205,2FHj17K-OUQ,195.0,205.0,train,flip,accidentally,Someone drives a jet ski all around the lake and then accidentally flips over.,turn,accidently
39,67051,Re7HnlVTrqA_000175_000185,Re7HnlVTrqA,175.0,185.0,train,ski,outside,A skier in blue winter gear adjusts ski poles and prepares to ski outside in a wooded are covered in snow.,ski,outdoor
40,28256,Bbg515rTOls_000026_000036,Bbg515rTOls,26.0,36.0,train,place,carefully,Someone carefully places Tupperware into a bear proof container.,put,carefully
41,71284,wi0Ms8_qdiI_000006_000016,wi0Ms8_qdiI,6.0,16.0,train,hold,briefly,"A young girl stands facing right and speaks, then turns left and does a handstand against a wall, which she holds briefly then stands and faces right again",hold,partially
42,43418,XsROLIaXrUI_000001_000011,XsROLIaXrUI,1.0,11.0,train,turn,slightly,A man sitting on a motorcycle takes hold of the grips and turns the bars slightly,turn,partially
43,5050,J0NlPYFEYVc_000002_000012,J0NlPYFEYVc,2.0,12.0,train,lie,outside,"A person lies across the seat of an office chair outside, and uses a leaf blower to spin around.",put,outdoor
44,20127,kxQgqt0AWo8_000062_000072,kxQgqt0AWo8,62.0,72.0,train,throw,outdoors,Men throw Frisbees as hard as they can outdoors in park-like settings.,throw,outdoor
45,27068,29aSgwRL_7Q_000005_000015,29aSgwRL_7Q,5.0,15.0,train,run,fast,A little boy runs fast through a field trying to get his kite up into the wind.,run,quickly
46,69227,b1UxszPkYGw_000028_000038,b1UxszPkYGw,28.0,38.0,train,squat,slowly,A man slowly squats while holding a large dumbell in a gym,squat,slowly
47,35532,-Altf8KptXw_000005_000015,-Altf8KptXw,5.0,15.0,train,stand,outside,A man stands outside of a building juggling torches of fire in his hands,stand,outdoor
48,14785,pnEzJ2wsiTk_000194_000204,pnEzJ2wsiTk,194.0,204.0,train,descend,slowly,A man slowly descends the rungs of a tall ladder,lower,slowly
49,48116,LNzK-tHcxxU_000011_000021,LNzK-tHcxxU,11.0,21.0,train,lean,forward,"A woman leans forward holding a tube in a plastic bag and talks, and a man stands and talks.",tilt,forwards
50,15124,aCgHgusKKug_000005_000015,aCgHgusKKug,5.0,15.0,train,comb,rapidly,A man rapidly combs his beard and and smiles.,brush,quickly
51,33935,GQq_M4brnAI_000114_000124,GQq_M4brnAI,114.0,124.0,train,swim,furiously,A guy is in the water furiously swimming towards a boat.,swim,firmly
52,84943,-h3LsUJLK4Y_000003_000013,-h3LsUJLK4Y,3.0,13.0,train,pull,quickly,A woman is applying a waxing strip to a man's chest and then pulling it off quickly,pull,quickly
53,14433,qFjWSvTqMPo_000001_000011,qFjWSvTqMPo,1.0,11.0,train,clean,outside,A dog follows a man that is cleaning the windows outside.,wash,outdoor
54,9366,rKn_nq96VDs_000042_000052,rKn_nq96VDs,42.0,52.0,train,dance,inside,A group of men stand in a circle while a few take turns dancing to music inside of it.,dance,indoor
55,70564,xVPKJT1YQmA_000215_000225,xVPKJT1YQmA,215.0,225.0,train,swinge,skillfully,A man on the beach with yo-yo's skillfully swinging them around,swing,properly
56,8328,JY5HD27FYPA_000048_000058,JY5HD27FYPA,48.0,58.0,train,move,slowly,Two bulldozers move forward slowly and an excavator is also present in the background.,move,slowly
57,2883,YkcvmcmUHbg_000280_000290,YkcvmcmUHbg,280.0,290.0,train,prepare,outside,A group of people are grilling and preparing food outside.,make,outdoor
58,8089,bQizj6tKwb8_000032_000042,bQizj6tKwb8,32.0,42.0,train,make,slowly,A structure is shown as it is slowly making progress in being constructed.,make,slowly
59,42347,UoizCkEnZS4_000011_000021,UoizCkEnZS4,11.0,21.0,train,massage,slowly,A person shows how to massage their feet slowly with both hands.,knead,slowly
60,31688,njn6f_MEKM4_000002_000012,njn6f_MEKM4,2.0,12.0,train,slide,quickly,A man on ice skates slides across the rink quickly and stops himself.,move,quickly
61,66218,Rwp8ZwomEOw_000080_000090,Rwp8ZwomEOw,80.0,90.0,train,talk,slightly,A man talks slightly off camera while a man translates what he is saying into sign language.,talk,partially
62,84585,WIV00PoMxPk_000115_000125,WIV00PoMxPk,115.0,125.0,train,stand,outside,A young girl standing outside sprays a water hose then waves.,stand,outdoor
63,12888,xbs4v_3UMJ4_000027_000037,xbs4v_3UMJ4,27.0,37.0,train,slice,properly,A woman is demonstrating how to properly slice into a green pepper.,cut,properly
64,8439,x742RioMb6U_000000_000010,x742RioMb6U,0.0,10.0,train,ride,backwards,A person is riding a plow truck backwards on a muddy surface.,ride,backwards
65,26257,uxSmYnSfFZI_000013_000023,uxSmYnSfFZI,13.0,23.0,train,walk,backwards,A child is walking their bike backwards down a sidewalk outside.,walk,backwards
66,11197,fEIv2ECvymg_000002_000012,fEIv2ECvymg,2.0,12.0,train,stand,outside,A little boy standing outside on the grass tries to throw the frisbee and a man picks it up off the ground after the little boy throws it.,stand,outdoor
67,27875,DcmkGBP0u58_000000_000010,DcmkGBP0u58,0.0,10.0,train,raise,down,A man is using weights in both hands and raising them to his shoulders and back down again.,raise,downwards
68,29227,Ii0CkNEbygQ_000115_000125,Ii0CkNEbygQ,115.0,125.0,train,hit,properly,A man helps a woman demonstrate how to properly hit a golf ball.,hit,properly
69,49819,9jSyX7E8tWo_000048_000058,9jSyX7E8tWo,48.0,58.0,train,sit,outside,A man is throwing darts at a dart board and then two men are sitting at a table outside.,sit,outdoor
70,32231,reAihpHFtmw_000000_000010,reAihpHFtmw,0.0,10.0,train,run,up,A little kid runs up to a mat and then does hopscotch across it.,run,upwards
71,73329,j7yos3s5LNI_000056_000066,j7yos3s5LNI,56.0,66.0,train,dance,inside,A man and a woman are dancing inside of a club to an old rock n roll song.,dance,indoor
72,74754,kf6V37OTujI_000023_000033,kf6V37OTujI,23.0,33.0,train,play,skillfully,A man skillfully plays a complex song on the electric guitar.,play,properly
73,5573,XKU81a25uX8_000007_000017,XKU81a25uX8,7.0,17.0,train,move,quickly,a couple of little kids stand around in some water that is moving quickly,move,quickly
74,68977,BanHtNeML9k_000060_000070,BanHtNeML9k,60.0,70.0,train,puff,outside,A man is puffing on a tobacco pipe outside by a wall.,breathe,outdoor
75,84243,SZXTMoP_hLo_000020_000030,SZXTMoP_hLo,20.0,30.0,train,move,fast,A person water skis behind a fast moving boat on a calm lake.,move,quickly
76,67076,9f0woSixZKM_000045_000055,9f0woSixZKM,45.0,55.0,train,ski,down,A man waits at the bottom of a hill for another man to ski down.,ski,downwards
77,49797,SfecA5a6dFM_000020_000030,SfecA5a6dFM,20.0,30.0,train,stick,in,A man stands next to a dart board on the wall and then sticks a dart in.,stick,in
78,8503,KxpwpAjgMso_000099_000109,KxpwpAjgMso,99.0,109.0,train,jump,backwards,A person jumps backwards off a bridge and is held up by a bungee cord.,jump,backwards
79,7250,eEBg64q-5Gs_000000_000010,eEBg64q-5Gs,0.0,10.0,train,hold,on,A young man holds a lighter with the flame on and blows at the flame.,hold,on
80,82639,5PBYfnN7VeE_000003_000013,5PBYfnN7VeE,3.0,13.0,train,step,in,A boy steps into a shallow pool of water and gets out while a girl steps in.,step,in
81,53627,v1kq5x3MBNw_000016_000026,v1kq5x3MBNw,16.0,26.0,train,play,quickly,two men in black dresses are playing squash game very quickly,play,quickly
82,74626,SIrNjNy34j8_000138_000148,SIrNjNy34j8,138.0,148.0,train,dance,outside,Two men are tap dancing to rap music outside while a crowd looks on a cheers.,dance,outdoor
83,82759,ZJBPGMkQhLE_000155_000165,ZJBPGMkQhLE,155.0,165.0,train,wade,slowly,A man slowly wades through thigh deep water surrounded by mangroves.,walk,slowly
84,16678,urTguJ50QBo_000005_000015,urTguJ50QBo,5.0,15.0,train,crack,hard,A bot is facing the camera and cracking his knuckles so hard he shouts in pain.,separate,firmly
85,42333,tMV520yvBnw_000043_000053,tMV520yvBnw,43.0,53.0,train,massage,gently,A woman with painted toenails is gently massaging her feet.,knead,gently
86,38462,UfYMJBu4HI0_000047_000057,UfYMJBu4HI0,47.0,57.0,train,lay,properly,"A man showing how to properly lay flooring, including what outcomes will be if done incorrectly.",put,properly
87,38698,nJ3R-KEmQM0_000000_000010,nJ3R-KEmQM0,0.0,10.0,train,play,back,"As music plays, a woman waves and talks before another woman licks her ear, and the scene plays back in slow motion.",play,backwards
88,27959,ObO_Gnw1nOQ_000005_000015,ObO_Gnw1nOQ,5.0,15.0,train,bring,slowly,A man exercises by lifting a weight and slowly bring it back down.,carry,slowly
89,34824,7-tFeQHdeqU_000020_000030,7-tFeQHdeqU,20.0,30.0,train,fall,nearly,A man is riding his bike down the street and nearly falls off his bike from coming in contact with a pedestrian.,fall,partially
90,10967,deno_QpJwCk_000001_000011,deno_QpJwCk,1.0,11.0,train,throw,back,"At a baseball game, a batter misses the swing and the catcher catches the ball and throws it back to the pitcher, someone cheers in the background.",throw,backwards
91,776,FGmy3FcKP0M_000010_000020,FGmy3FcKP0M,10.0,20.0,train,clap,hard,A group of people are clapping hard and standing by a barrier.,clap,firmly
92,74815,xq67_EO-WkM_000192_000202,xq67_EO-WkM,192.0,202.0,train,play,inside,A woman is playing a mini guitar inside of her home.,play,indoor
93,71634,HlzYNZX-Q8Q_000012_000022,HlzYNZX-Q8Q,12.0,22.0,train,stare,forward,"Baby stares forward, pokes tongue out of mouth, closes mouth and pumps arms.",look,forwards
94,77768,mDjFi8yzzzU_000100_000110,mDjFi8yzzzU,100.0,110.0,train,flip,inside,A person flips a coin inside of a glass bowl and checks the results.,turn,indoor
95,30906,culNKOLKAic_000023_000033,culNKOLKAic,23.0,33.0,train,look,down,"Boy looks down at board held between two crates, hits head against board, holds head and squats down.",look,downwards
96,69139,ElKBF7RrG1A_000004_000014,ElKBF7RrG1A,4.0,14.0,train,cough,violently,A man takes a puff from a cigarette and starts to cough violently.,breathe,gently
97,16599,2krA4HCuRGs_000302_000312,2krA4HCuRGs,302.0,312.0,train,push,down,"A person is laying face down on a table, a man stands to their side and pushes both hands,one over the other, down on the firsts back.",press,downwards
98,78792,9Tc9kY-lLYk_000002_000012,9Tc9kY-lLYk,2.0,12.0,train,hop,continuously,A man jumps over three hurdles then hops continuously till he jumps and lands on a mat.,jump,continuously
99,25533,3KtJHCvxJ7k_000012_000022,3KtJHCvxJ7k,12.0,22.0,train,stand,outside,A woman is standing outside with a couple of birds in her hands,stand,outdoor
100,83830,Ym_MzqdQWuQ_000081_000091,Ym_MzqdQWuQ,81.0,91.0,train,comb,gently,A mom washes the hair of her baby; gently combing it.,brush,gently
101,39821,2dNHEPKBKnY_000033_000043,2dNHEPKBKnY,33.0,43.0,train,slide,quickly,Moeller from Germany slides quickly down the ice at a competition.,move,quickly
102,29822,9VT3lIeyPxc_000095_000105,9VT3lIeyPxc,95.0,105.0,train,stand,quietly,A girl brushes a horse while he stands quietly in his stall.,stand,quietly
103,30984,uozo0l3Wtqg_000004_000014,uozo0l3Wtqg,4.0,14.0,train,stand,outside,Two men are standing outside of a store and look to be ready to fight each other.,stand,outdoor
104,83202,p5PF28_OP9Q_000029_000039,p5PF28_OP9Q,29.0,39.0,train,touch,continually,A person is continually touching a baby's nose.,touch,continuously
105,82707,9hly4VR8quc_000172_000182,9hly4VR8quc,172.0,182.0,train,play,outside,There are four children playing outside and two are playing in the mud.,play,outdoor
106,58775,iQD3dMJNea4_000257_000267,iQD3dMJNea4,257.0,267.0,train,tighten,inside,A man is explaining how to tighten a bicycle wheel inside of a repair shop.,twist,indoor
107,30298,DN3o42FkHag_000000_000010,DN3o42FkHag,0.0,10.0,train,stand,outside,A woman is standing outside and is trying to hand wash laundry.,stand,outdoor
108,74730,RazPuZXsKDY_000000_000010,RazPuZXsKDY,0.0,10.0,train,play,fast,A man is wearing glasses and playing the guitar fast in his room.,play,quickly
109,1287,-Qz25rXdMjE_000014_000024,-Qz25rXdMjE,14.0,24.0,train,shoot,outside,"a tall woman is shooting a bow and arrow, outside.",shoot,outdoor
110,77676,_aAv5R5CPT4_000004_000014,_aAv5R5CPT4,4.0,14.0,train,sled,quickly,A girl is sledding quickly down a hill in a red sled.,move,quickly
111,1236,O9cTHUPbLE8_000090_000100,O9cTHUPbLE8,90.0,100.0,train,nod,outdoors,A man nods his head outdoors and then we see a logo.,nod,outdoor
112,13170,OnU1Hr__jlY_000002_000012,OnU1Hr__jlY,2.0,12.0,train,sit,outside,"A person is sitting on a stool outside and wacking a stick in half with a knife, rotating the stick after several cuts.",sit,outdoor
113,65228,OlEA0RbRI68_000001_000011,OlEA0RbRI68,1.0,11.0,train,prepare,indoors,A woman preparing and practicing her shot put throw indoors.,make,indoor
114,21058,DFroso3YzFU_000002_000012,DFroso3YzFU,2.0,12.0,train,put,rapidly,A child is sitting on a floor and starts very rapidly putting pieces together in a puzzle.,put,quickly
115,26692,EZvZfmBBJ8E_000032_000042,EZvZfmBBJ8E,32.0,42.0,train,hit,almost,"Someone throws something, and a man hits it with a frying pay, and the item almost hits a third man as he walks into the room.",hit,partially
116,87111,-IeJ0CF3huY_000016_000026,-IeJ0CF3huY,16.0,26.0,train,lift,upward,A woman laying on her back in a workout studio lifts another woman upward while a third woman stands and assists.,raise,upwards
117,77729,YjYhZ4nOPgQ_000000_000010,YjYhZ4nOPgQ,0.0,10.0,train,throw,down,"A boy is sitting on the floor and throws a coin down, it spins and then stands straight up.",throw,downwards
118,3385,mENzYMME6xY_000078_000088,mENzYMME6xY,78.0,88.0,train,wash,outside,"A doggy is washed outside with the hose, he is all sudsy and shakes it off.",wash,outdoor
119,43887,UP9xzyRuNyY_000033_000043,UP9xzyRuNyY,33.0,43.0,train,play,outdoors,A group of boys are playing outdoors while one rides a lawnmower.,play,outdoor
120,43503,z1I8xh-FNCk_000004_000014,z1I8xh-FNCk,4.0,14.0,train,ride,out,A man rides his red motorcycle out into the sunny street.,ride,out
121,86524,Od_2HjaIc7M_000000_000010,Od_2HjaIc7M,0.0,10.0,train,write,properly,A person is demonstrating and giving tips on how to properly write a story.,draw,properly
122,31305,vqlEmoU03Jk_000173_000183,vqlEmoU03Jk,173.0,183.0,train,bend,forward,"Dancers change formation as they kick their legs, jump, bend forward, lean back and lie on floor.",bend,forwards
123,52417,Mvz9H9UUWrc_000818_000828,Mvz9H9UUWrc,818.0,828.0,train,look,cautiously,Two people are looking cautiously being a rock wall to see what is there.,look,carefully
124,60705,ntFmk_-g6fE_000015_000025,ntFmk_-g6fE,15.0,25.0,train,take,up,A man climbing a cliff makes a big grunt and takes a leap up.,take,upwards
125,45745,bkObwMM5ZFY_000014_000024,bkObwMM5ZFY,14.0,24.0,train,jog,back,A football pass ends up incomplete during a game and players jog back to the team.,run,backwards
126,10434,Q-v_9NA7Ioc_000065_000075,Q-v_9NA7Ioc,65.0,75.0,train,move,fast,Fast moving images of a man making ice sculpters outside,move,quickly
127,47471,48bKYKuCTkE_000007_000017,48bKYKuCTkE,7.0,17.0,train,stand,outside,A large group of adults are standing outside having a pillow fight.,stand,outdoor
128,29966,ldQB94TXVzU_000006_000016,ldQB94TXVzU,6.0,16.0,train,spin,fast,A man uses a fast spinning technique to throw a ball as far as he can over a field.,turn,quickly
129,43022,i-xbj78-_us_000000_000010,i-xbj78-_us,0.0,10.0,train,slide,backwards,A person does a backwards sliding their feet dance across the gymnasium floor making their tennis shoes squeak on the floor.,move,backwards
130,65501,E0G6Q4C-CMQ_000002_000012,E0G6Q4C-CMQ,2.0,12.0,train,shovel,outside,A woman watches from inside as a man shovels snow outside..,scoop,outdoor
131,85865,f0Z6e6DJItI_000065_000075,f0Z6e6DJItI,65.0,75.0,train,windsurf,swiftly,"A man is windsurfing swiftly through a body of water, hitting a few waves as he goes.",surf,quickly
132,71055,s1PjitstiPk_000041_000051,s1PjitstiPk,41.0,51.0,train,play,loudly,Music plays loudly as a man uses a weight machine.,play,loudly
133,75897,1lJUKDvku50_000002_000012,1lJUKDvku50,2.0,12.0,train,hit,nearly,"A man throws an axe at a wooden target, nearly hitting the bullseye.",hit,partially
134,2711,7d5kZNhzZXE_000403_000413,7d5kZNhzZXE,403.0,413.0,train,wrap,properly,A woman is showing and explaining how to wrap an ankle properly.,cover,properly
135,35943,39Gq_VfELh8_000001_000011,39Gq_VfELh8,1.0,11.0,train,jump,in,One child is sitting in a small pool with balls in it and another jumps in.,jump,in
136,58018,IZGDJppe8F0_000197_000207,IZGDJppe8F0,197.0,207.0,train,put,outside,A lady with black top is showing how to put the wrap skirt on outside on the grass,put,outdoor
137,19773,O0e0RXsChE4_000007_000017,O0e0RXsChE4,7.0,17.0,train,drive,up,a mail person drives up to a mail box during the day,drive,upwards
138,50581,QBv-6FXcXYk_000037_000047,QBv-6FXcXYk,37.0,47.0,train,hit,slowly,"During a meditation class, a person plays a wooden instrument and slowly hits a symbol.",hit,slowly
139,4075,0SuAwpjkU0c_000007_000017,0SuAwpjkU0c,7.0,17.0,train,lean,back,A girl in a living room leaning back and doing yoga in front of a tv.,tilt,backwards
140,23104,t-ibIA4LDRE_000008_000018,t-ibIA4LDRE,8.0,18.0,train,eat,slowly,A woman is slowly eating a chicken sandwich in burger buns.,eat,slowly
141,43870,TOwjQ_RSm8s_000020_000030,TOwjQ_RSm8s,20.0,30.0,train,drag,forward,"In a yard, a man lets an motorized lawn mower drag him forward.",pull,forwards
142,59548,kRjkODUZ5zU_000096_000106,kRjkODUZ5zU,96.0,106.0,train,walk,outside,A messed up video is showing horses walking outside on a trail,walk,outdoor
143,29803,LIqDfVSe57s_000015_000025,LIqDfVSe57s,15.0,25.0,train,comb,gently,A woman gently combs a brown horse's mane and then horse walks away.,brush,gently
144,34758,R2DEup8-d0c_000002_000012,R2DEup8-d0c,2.0,12.0,train,run,forwards,A girl ran forwards and threw forward a stick,run,forwards
145,55814,t2B3E-sKyFI_000245_000255,t2B3E-sKyFI,245.0,255.0,train,twist,back,A gas pump is removed from a car and the protective gas lock is twisted  back into place.,turn,backwards
146,13791,JwWF76Pu1Gk_000011_000021,JwWF76Pu1Gk,11.0,21.0,train,reach,down,"a man reaches down to hold a barbell, then cleans it up to his front shoulders.",extend,downwards
147,12013,EaYxFzFx7nQ_000025_000035,EaYxFzFx7nQ,25.0,35.0,train,raise,outside,Outside a male has raised a car up and the wheel is removed and he is busy doing work on the car.,raise,outdoor
148,70375,rONcEdnHnpA_000254_000264,rONcEdnHnpA,254.0,264.0,train,move,slowly,A group of people slowly move together through a cave.,move,slowly
149,12993,XMX6yKKwyBY_000055_000065,XMX6yKKwyBY,55.0,65.0,train,cut,carefully,A person is showing how to carefully cut cheddar cheese.,cut,carefully
150,65022,Zcw5PGeARMY_000000_000010,Zcw5PGeARMY,0.0,10.0,train,run,out,A soccer player kicks a soccer ball towards the goal and as it bounces back towards him the goalie runs out attempting to catch the ball.,run,out
151,68400,ECoOKtFgcXc_000007_000017,ECoOKtFgcXc,7.0,17.0,train,start,slowly,A young guy is laying with his back on the floor and slowly starts to sit up.,start,slowly
152,31050,ubEsdGYQRXs_000000_000010,ubEsdGYQRXs,0.0,10.0,train,jump,backward,Someone runs quickly and then jumps backward over a pole onto a mat.,jump,backwards
153,55789,E5Ivm0-Stb4_000023_000033,E5Ivm0-Stb4,23.0,33.0,train,laugh,loudly,A man is dancing wildly as women in the background laugh loudly.,laugh,loudly
154,43501,ySvt7w8irBY_000151_000161,ySvt7w8irBY,151.0,161.0,train,move,on,"Several dirt bikes parked in a field are overloaded with camping gear, waiting to move on",move,on
155,71149,S-FBK3-W-nc_000001_000011,S-FBK3-W-nc,1.0,11.0,train,hold,up,A teenage girl shows how to do a hand stand holding her feet up against a wall.,hold,upwards
156,50674,s3dK8R-jzac_000031_000041,s3dK8R-jzac,31.0,41.0,train,play,softly,A man softly plays a song on an acoustic guitar,play,gently
157,27036,4U3NZ8bRg-g_000142_000152,4U3NZ8bRg-g,142.0,152.0,train,place,properly,A man shows how to place the string on the fishing hook properly.,put,properly
158,28422,3My4UIwOpZ0_000000_000010,3My4UIwOpZ0,0.0,10.0,train,pierce,slowly,A woman is slowly and gently piercing the ears of a little girl sitting down,stab,slowly
159,65386,n6iUTAb7Ens_000003_000013,n6iUTAb7Ens,3.0,13.0,train,put,forward,A man winds up and then throws a shot put forward.,put,forwards
160,40847,itbI6RsPVQI_000284_000294,itbI6RsPVQI,284.0,294.0,train,touch,lightly,Fire is gentle burning in a work room when a man bends and lightly touches the metal in his hand to the fire.,touch,gently
161,68686,nTBrSt0S8sw_000001_000011,nTBrSt0S8sw,1.0,11.0,train,fall,backwards,A child sitting on a bed in a bedroom and then falling backwards.,fall,backwards
162,40843,itbI6RsPVQI_000284_000294,itbI6RsPVQI,284.0,294.0,train,insert,briefly,A man stands near a fire then briefly inserts a metal object into the flame and pulls it back out,insert,partially
163,31257,Hg6I3C4T8cQ_000002_000012,Hg6I3C4T8cQ,2.0,12.0,train,leap,up,Map leaps up and runs between two people on subway platform as woman laughs.,jump,upwards
164,23304,c3pP3m1zi5I_000007_000017,c3pP3m1zi5I,7.0,17.0,train,place,vertically,A young girl places a baby carrot in her mouth vertically and bites it.,put,vertically
165,24151,3H974dJK5wI_000139_000149,3H974dJK5wI,139.0,149.0,train,sew,inside,A woman shows how to sew inside of a knitted piece for more security.,weave,indoor
166,82640,lBtGwuFH2Jw_000012_000022,lBtGwuFH2Jw,12.0,22.0,train,play,outdoors,A small child is seen playing in a puddle of mud outdoors.,play,outdoor
167,41827,x7I4TEZOo2A_000000_000010,x7I4TEZOo2A,0.0,10.0,train,pour,in,"A filter is placed on top of a glass, and some very weak tea is poured in.",pour,in
168,58622,mtm9hz6cmr4_000010_000020,mtm9hz6cmr4,10.0,20.0,train,nod,slightly,A man is reading a newspaper in front of a green screen while slightly nodding his head.,nod,partially
169,54612,ZO40MBvGejY_000036_000046,ZO40MBvGejY,36.0,46.0,train,tap,lightly,A baby sits on its knees on the floor and lightly taps a small mallet on a musical instrument.,hit,gently
170,28477,fqeHoIQZ1k0_000002_000012,fqeHoIQZ1k0,2.0,12.0,train,look,down,a person getting a back tattoo done while looking down as it is happening,look,downwards
171,6125,FF8pR23sRe4_000000_000010,FF8pR23sRe4,0.0,10.0,train,jump,inside,A woman is jumping inside of a bouncy castle and enjoying it,jump,indoor
172,38799,GfSeRaJuFTs_000025_000035,GfSeRaJuFTs,25.0,35.0,train,put,backwards,"A young boy takes off a red baseball cap, puts on a black one, then puts the red one back on top of the black one backwards.",put,backwards
173,1423,jhqI4AvIx80_000089_000099,jhqI4AvIx80,89.0,99.0,train,talk,loudly,A boy talks loudly at a table while others eat.,talk,loudly
174,54265,9eQ6FwXqLZA_000034_000044,9eQ6FwXqLZA,34.0,44.0,train,bring,down,"A boy practices playing the violin, then smiles at the camera as he brings his arms down to his sides.",carry,downwards
175,85923,y0PlL4HfTOg_000000_000010,y0PlL4HfTOg,0.0,10.0,train,windsurf,out,"Somebody is windsurfing out on the ocean, and they are heading back towards the shore.",surf,out
176,86386,1ENX0xTvG-U_000000_000010,1ENX0xTvG-U,0.0,10.0,train,pin,quickly,Two wrestlers are competing and one quickly pins the other on the ground.,secure,quickly
177,571,w5GP7q64zo0_000000_000010,w5GP7q64zo0,0.0,10.0,train,open,slowly,A man holds an alligator's mouth closed and slowly opens it.,open,slowly
178,79908,saOehBVw69g_000040_000050,saOehBVw69g,40.0,50.0,train,tie,quickly,A woman lays a tie on the table and then shows how to tie it quickly.,secure,quickly
179,63866,-xTDgjc7mH4_000082_000092,-xTDgjc7mH4,82.0,92.0,train,knead,properly,A woman demonstrates how to stretch and knead a piece of raw dough properly.,knead,properly
180,21443,sUb1RJUivRU_000160_000170,sUb1RJUivRU,160.0,170.0,train,dribble,outside,A young boy dribbles a basketball outside on the black top.,pour,outdoor
181,81989,F8Gpwv1pEhE_000027_000037,F8Gpwv1pEhE,27.0,37.0,train,talk,quietly,A puppet is in front of the camera talking while a person is in the background talking quietly to the puppet.,talk,quietly
182,10135,LDBiwzBAHx4_000159_000169,LDBiwzBAHx4,159.0,169.0,train,use,properly,A woman holding a baby doll in a baby carrier showing how to properly use it.,use,properly
183,61440,1ELh09xeRw4_000002_000012,1ELh09xeRw4,2.0,12.0,train,run,fast,A man on a treadmill kicks off and then runs extremely fast on a treadmill.,run,quickly
184,73064,bvvmkrge_KY_000001_000011,bvvmkrge_KY,1.0,11.0,train,swim,up,A woman under the water swims up and then goes right by.,swim,upwards
185,20068,GGEu62OSlcQ_000001_000011,GGEu62OSlcQ,1.0,11.0,train,walk,in,Outside someone is walking in between driving cars in traffic.,walk,in
186,13310,uSrbT4ou-5Y_000051_000061,uSrbT4ou-5Y,51.0,61.0,train,dig,properly,A man is demonstrating how to properly dig a hole in the sand.,scoop,properly
187,15610,eoZNAmdu2Sg_000275_000285,eoZNAmdu2Sg,275.0,285.0,train,fry,outside,A man fries a slice of dough outside and flips it over with a fork.,cook,outdoor
188,14756,QEZFGUhmZlc_000007_000017,QEZFGUhmZlc,7.0,17.0,train,slide,down,A little toddler climbs up the side's ladder and gets ready to slide down.,move,downwards
189,84281,cqfvmTH_RUs_000297_000307,cqfvmTH_RUs,297.0,307.0,train,lean,back,"Water skier leans back, holds cord handle, and creates splashing water as he is pulled in an arc on the lake.",tilt,backwards
190,8647,beoXTGptHds_000000_000010,beoXTGptHds,0.0,10.0,train,bounce,slightly,"A man holding a baby, pats the baby's back while bouncing slightly.",jump,partially
191,42835,xOfd6d8bsO8_000001_000011,xOfd6d8bsO8,1.0,11.0,train,sit,outside,a little kid practices milking a cow while sitting outside in the day,sit,outdoor
192,16578,2-vmqiRzJlg_000025_000035,2-vmqiRzJlg,25.0,35.0,train,crack,back,"A girl is laying down, while another girl cracks her back by putting pressure on it.",separate,backwards
193,59942,jrmL4WTIWlc_000005_000015,jrmL4WTIWlc,5.0,15.0,train,shoot,off,A large snow truck clears a path next to a cabin by shooting snow off to the side.,shoot,off
194,79513,8Ki9477caDk_000004_000014,8Ki9477caDk,4.0,14.0,train,tie,slowly,A woman tires a string around a wooden pole and is tying a knot slowly.,secure,slowly
195,12916,oa-fNSpqgjg_000035_000045,oa-fNSpqgjg,35.0,45.0,train,chop,furiously,A man is blindfolded and furiously chops at carrots and doesn't cut his fingers.,cut,firmly
196,84132,M43v_hrH44A_000009_000019,M43v_hrH44A,9.0,19.0,train,sit,inside,Three kids looking bored sitting inside on a couch watching cartoons.,sit,indoor
197,29987,WUrwglFhY64_000002_000012,WUrwglFhY64,2.0,12.0,train,twirl,fast,A young man is twirling around a tool very very fast,turn,quickly
198,1217,it-IIR-qUIg_000150_000160,it-IIR-qUIg,150.0,160.0,train,play,inside,A group of people play an archery game inside against each other.,play,indoor
199,10761,yBMDQYdtKtE_000001_000011,yBMDQYdtKtE,1.0,11.0,train,move,slowly,A man stands while fishing on a slowly moving motorized boat.,move,slowly
200,66532,D--Fa71ta14_000074_000084,D--Fa71ta14,74.0,84.0,train,lay,outside,Someone is laying on their back outside trying to do situps while people are heckling him.,put,outdoor
201,82562,b7zy0Eh3lBo_000018_000028,b7zy0Eh3lBo,18.0,28.0,train,touch,properly,A woman is showing another person how to properly touch a koala bear that is holding on to a tree,touch,properly
202,30954,1m1YYVYysA8_000001_000011,1m1YYVYysA8,1.0,11.0,train,stand,outside,A man hits a basket into a man that is standing outside near the basket.,stand,outdoor
203,78088,NeJ3Ld_QxXY_000028_000038,NeJ3Ld_QxXY,28.0,38.0,train,swinge,down,A woman is swinging upside down on a trapeze.,swing,downwards
204,1103,9NaSUTkmwks_000034_000044,9NaSUTkmwks,34.0,44.0,train,dig,outside,Outside a man is digging a square hole in the dirt.,scoop,outdoor
205,70694,wJV-kQRmaGc_000001_000011,wJV-kQRmaGc,1.0,11.0,train,rotate,forward,"Diver runs onto board, jumps up with arms lifted, bends forward with bent legs, and rotates forward.",turn,forwards
206,31133,xCSMR3XgyjE_000119_000129,xCSMR3XgyjE,119.0,129.0,train,run,fast,a girl runs very fast and jumps over a bar and knocks it over,run,quickly
207,45176,H-ax0nRYdDA_000054_000064,H-ax0nRYdDA,54.0,64.0,train,fill,slowly,"On the floor is a suitcase, the suitcase slowly fills up with cloths until at the end two athletic shoes and a drink are placed ontop of the open suitcase.",fill,slowly
208,20470,ARuwDBg6Vpo_000134_000144,ARuwDBg6Vpo,134.0,144.0,train,stand,outside,Two people are talking in a boat while another person stands outside of it.,stand,outdoor
209,20712,8oN_EHJP2-0_000009_000019,8oN_EHJP2-0,9.0,19.0,train,dance,up,A fat guy dances up to a group of dancing women.,dance,upwards
210,79130,EJEz2UFeD9E_000082_000092,EJEz2UFeD9E,82.0,92.0,train,tie,properly,A man explains and shows how to properly tie a specific knot in a tie.,secure,properly
211,42356,p-917OyMjbA_000001_000011,p-917OyMjbA,1.0,11.0,train,reach,down,Someone with purple toenails reaches down and massages their own legs and feet.,extend,downwards
212,3101,TuCc2RwG2fM_000354_000364,TuCc2RwG2fM,354.0,364.0,train,place,meticulously,A bartender shows how he meticulously places tiny umbrella garnishes into glasses.,put,carefully
213,85901,0H3dSeJ58Hc_000009_000019,0H3dSeJ58Hc,9.0,19.0,train,surf,slowly,A windsurfer slowly surfs on the water then gradually goes faster.,surf,slowly
214,42498,PBxD9dpZe8g_000034_000044,PBxD9dpZe8g,34.0,44.0,train,rub,in,A woman sits on a couch as she rubs her thigh then she applies baby oil and rubs it in.,spread,in
215,45588,miHdBHZAaNk_000002_000012,miHdBHZAaNk,2.0,12.0,train,run,outdoors,A man is running outdoors and then jumps over a railing and then jumps up to platform.,run,outdoor
216,586,eGvtkEd8iFg_000105_000115,eGvtkEd8iFg,105.0,115.0,train,pull,backwards,A man is sitting on an alligator and pulling it backwards by its shoulders,pull,backwards
217,85663,IyAaX0RZMVc_000236_000246,IyAaX0RZMVc,236.0,246.0,train,speak,briefly,"A man speaks briefly to the camera, then begins to weld an item.",talk,partially
218,18806,LBgRTCVwyik_000042_000052,LBgRTCVwyik,42.0,52.0,train,slice,quickly,A woman demonstrates a simple way to quickly slice watermelon.,cut,quickly
219,66539,morw9cZrOsc_000001_000011,morw9cZrOsc,1.0,11.0,train,recline,down,A lady while sitting on a chair was reclining down and up with a weight in her hand,tilt,downwards
220,3614,hXztequDRPo_000183_000193,hXztequDRPo,183.0,193.0,train,stand,outside,A group of 3 teenage boys stand outside rapping and beat boxing.,stand,outdoor
221,35731,INE1G3CoLaU_000017_000027,INE1G3CoLaU,17.0,27.0,train,juggle,outdoors,A young man juggles a soccer back outdoors on a walkway.,juggle,outdoor
222,43879,02BNFX5uZVA_000012_000022,02BNFX5uZVA,12.0,22.0,train,push,outside,A guy is outside and pushing a mower across a lawn.,press,outdoor
223,34855,0Scq964QSLQ_000029_000039,0Scq964QSLQ,29.0,39.0,train,walk,slowly,A man is slowly walking across the road and gets hit by a car,walk,slowly
224,27119,l7udNetFnAM_000003_000013,l7udNetFnAM,3.0,13.0,train,fly,slowly,A car themed kite is seen flying from the ground up in the park slowly.,fly,slowly
225,46728,FwzM9HFTuUI_000007_000017,FwzM9HFTuUI,7.0,17.0,train,play,outside,A little girl is playing a sheep outside very happy.,play,outdoor
226,22049,UzVKMR2PrkU_000049_000059,UzVKMR2PrkU,49.0,59.0,train,drive,slowly,A young boy slowly drives a tractor through a field.,drive,slowly
227,8508,ku-JfGLLOzc_000040_000050,ku-JfGLLOzc,40.0,50.0,train,hang,down,Someone is hanging upside down above the ground by a cord after they bungee jumped.,mount,downwards
228,47366,qUoRYZXkf8o_000020_000030,qUoRYZXkf8o,20.0,30.0,train,use,outside,"Outside, a man in a wheelchair uses an extended device to reach up and get a pear.",use,outdoor
229,37569,ZstZbE5x7pE_000051_000061,ZstZbE5x7pE,51.0,61.0,train,sail,quickly,A man sits in a small kart and wind sails across the beach very quickly.,sail,quickly
230,52068,KA4UdRcOFQg_000002_000012,KA4UdRcOFQg,2.0,12.0,train,play,outside,A group of young girls are shown playing a game outside while a crowd cheers them on.,play,outdoor
231,76812,505zb522--Y_000009_000019,505zb522--Y,9.0,19.0,train,swing,backwards,A toddler swings his arms backwards with a TV remote controller in his hands and hits himself in the back of the head and begins to cry.,swing,backwards
232,39291,xBmohjteQCU_000001_000011,xBmohjteQCU,1.0,11.0,train,run,fast,"A man runs fast down a blue track and jumps, clearing a few obsticles before falling into a pit of mats.",run,quickly
233,61918,-orecnYvpNw_000045_000055,-orecnYvpNw,45.0,55.0,train,walk,backwards,Someone is using a machine to sand a floor while walking backwards,walk,backwards
234,73424,o-EHIpkllik_000000_000010,o-EHIpkllik,0.0,10.0,train,step,forward,"Batter watches, steps forward, swings bat, holds bat behind neck, swings bat down and then swings bat up.",step,forwards
