,id,youtube_id,weak_timestamp,clustered_adverb,clustered_action,task_num,adverb,action,before_action,before_clustered_action,before_id,before_timestamp,after_action,after_clustered_action,after_id,after_timestamp,in_window_actions,in_window_clustered_actions,in_window_ids,in_window_timestamps,clip_id
0,12958,tjoC36jDIts,299.045,completely,use,76407,totally,use,carve,cut,284275.0,285.79,separate,separate,284278.0,320.2,[],[],[],[],tjoC36jDIts_299-045
1,6079,MCpCkun2qxA,661.96,partially,make,40566,half,assemble,install,install,86654.0,597.82,raise,raise,86656.0,675.1,[],[],[],[],MCpCkun2qxA_661-96
2,16452,52B7TqldlNs,57.285,quickly,cook,57396,fast,cook,add,add,93497.0,47.21,use,use,93499.0,67.89,[],[],[],[],52B7TqldlNs_57-285
3,9056,p_zQ0hep34w,155.965,quickly,turn,103832,quickly,turn,simmer,cook,550263.0,144.24,add,add,550265.0,163.56,['add'],['add'],[550265],[163.56],p_zQ0hep34w_155-965
4,7650,EQ5Lv2m2IZU,55.48,partially,fill,118779,partially,fill,lock,close,284754.0,41.31,use,use,284756.0,70.03,[],[],[],[],EQ5Lv2m2IZU_55-48
5,6632,AKfMjeTDyoE,1007.55,finely,cut,20898,finely,chop,fill,fill,353518.0,895.62,place,put,353522.0,1031.75,[],[],[],[],AKfMjeTDyoE_1007-55
6,304,mQ75-ALLb9c,30.505,finely,cut,50348,finely,chop,grate,grate,306385.0,24.36,add,add,306388.0,55.18,['grate'],['grate'],[306385],[24.36],mQ75-ALLb9c_30-505
7,8403,SHGhzeYqHKc,278.22,completely,cook,93400,completely,cook,bring,carry,266175.0,271.43,mix,mix,266178.0,280.59,"['bring', 'mix', 'dice', 'add']","['carry', 'mix', 'cut', 'add']","[266175, 266178, 266179, 266180]","[271.43, 280.59, 286.69, 287.03]",SHGhzeYqHKc_278-22
8,17846,e3BOSneiyLc,46.16,finely,cut,105762,finely,chop,peel,peel,351141.0,35.8,shred,cut,351144.0,62.96,[],[],[],[],e3BOSneiyLc_46-16
9,4176,OyFM8ExWCZs,269.255,completely,dip,93376,completely,submerge,start,start,329101.0,259.25,absorb,absorb,329103.0,276.64,"['absorb', 'start']","['absorb', 'start']","[329103, 329104]","[276.64, 279.07]",OyFM8ExWCZs_269-255
10,1737,5Ko9h5qKdFk,169.05,completely,add,34967,completely,add,marinate,soak,372265.0,141.96,saute,cook,372271.0,173.89,['saute'],['cook'],[372271],[173.89],5Ko9h5qKdFk_169-05
11,16075,wyq7I3nnDpA,63.93000000000001,partially,stick,91518,not fully,stick,add,add,149341.0,57.16,add,add,149343.0,68.07,"['hold', 'add', 'add', 'add', 'shape']","['hold', 'add', 'add', 'add', 'make']","[149340, 149341, 149343, 149344, 149345]","[56.05, 57.16, 68.07, 70.3, 72.4]",wyq7I3nnDpA_63-93000000000001
12,13584,q6vKpoAQQC0,132.14,partially,cool,76412,slightly,cool,remove,take,409668.0,130.34,use,use,409670.0,164.03,"['bake', 'remove']","['cook', 'take']","[409667, 409668]","[123.39, 130.34]",q6vKpoAQQC0_132-14
13,15142,gTAKzEQ7V8c,50.845,quickly,burn,14133,quickly,burn,set,set,128530.0,47.83,boil,cook,128532.0,57.95,"['toss', 'set', 'boil']","['turn', 'set', 'cook']","[128529, 128530, 128532]","[44.44, 47.83, 57.95]",gTAKzEQ7V8c_50-845
14,57,GaSC0SbsCmE,36.705,finely,cut,20880,finely,chop,add,add,43334.0,28.11,add,add,43335.0,39.22,"['add', 'add', 'add', 'mix']","['add', 'add', 'add', 'mix']","[43334, 43335, 43337, 43338]","[28.11, 39.22, 43.36, 45.73]",GaSC0SbsCmE_36-705
15,10485,1PNN16aOxjg,142.95499999999996,slowly,cook,41773,slowly,cook,bring,carry,484149.0,130.11,sear,cook,484151.0,144.27,['sear'],['cook'],[484151],[144.27],1PNN16aOxjg_142-95499999999996
16,2087,2NzlVUoJ_P0,157.865,finely,cut,16136,finely,chop,add,add,55532.0,155.05,add,add,55535.0,178.06,['add'],['add'],[55532],[155.05],2NzlVUoJ_P0_157-865
17,9393,Sv9v1d6UUIM,171.495,partially,press,96366,half,crush,use,use,133377.0,170.68,remove,take,133379.0,177.47,"['use', 'remove', 'strain']","['use', 'take', 'drain']","[133377, 133379, 133380]","[170.68, 177.47, 178.75]",Sv9v1d6UUIM_171-495
18,1099,8tKSIkgT0QQ,906.125,completely,cover,105259,completely,cover,pour,pour,16924.0,891.18,add,add,16927.0,910.93,['add'],['add'],[16927],[910.93],8tKSIkgT0QQ_906-125
19,4214,s3qCAGhtZO8,270.105,finely,cut,93376,finely,chop,fry,cook,331128.0,268.0,bring,carry,331130.0,280.91,['fry'],['cook'],[331128],[268.0],s3qCAGhtZO8_270-105
20,13445,9oQHRvbuvL0,140.14999999999998,quickly,cook,67160,quickly,cook,cut,cut,587184.0,137.23,steam,cook,587186.0,143.34,"['cut', 'steam']","['cut', 'cook']","[587184, 587186]","[137.23, 143.34]",9oQHRvbuvL0_140-14999999999998
21,13025,X3LnQoU9fQc,201.655,completely,separate,91586,totally,break,turn,turn,174221.0,199.63,mash,press,174223.0,204.45,"['turn', 'turn', 'mash']","['turn', 'turn', 'press']","[174220, 174221, 174223]","[196.5, 199.63, 204.45]",X3LnQoU9fQc_201-655
22,11250,u-BZDlGVxPE,272.91,partially,cook,105209,partially,cook,stir,mix,197432.0,256.11,add,add,197436.0,274.32,"['add', 'mince']","['add', 'cut']","[197436, 197437]","[274.32, 274.65]",u-BZDlGVxPE_272-91
23,5230,91DAznuHBj8,456.625,slowly,hit,101028,slowly,tap,bend,bend,101758.0,454.76,scrape,scrape,101760.0,462.04,"['bend', 'scrape']","['bend', 'scrape']","[101758, 101760]","[454.76, 462.04]",91DAznuHBj8_456-625
24,13126,SJUkf5O2fvU,312.75,completely,mix,91586,fully,incorporate,mix,mix,168105.0,307.69,use,use,168107.0,315.57,"['mix', 'use']","['mix', 'use']","[168105, 168107]","[307.69, 315.57]",SJUkf5O2fvU_312-75
25,9541,dagYvZo44lo,48.665,completely,cook,91537,thoroughly,cook,,,,,,,,,[],[],[],[],dagYvZo44lo_48-665
26,14812,T2i5AmJrji0,272.745,completely,fall,75501,completely,fall,beat,mix,27409.0,268.3,stop,stop,27410.0,273.06,"['whip', 'beat', 'stop', 'beat']","['mix', 'mix', 'stop', 'mix']","[27408, 27409, 27410, 27412]","[264.52, 268.3, 273.06, 276.95]",T2i5AmJrji0_272-745
27,17993,E2kvPK2uenQ,218.795,quickly,cook,105762,quickly,fry,absorb,absorb,348257.0,209.81,cook,cook,348259.0,219.54,"['absorb', 'cook', 'absorb']","['absorb', 'cook', 'absorb']","[348257, 348259, 348260]","[209.81, 219.54, 220.98]",E2kvPK2uenQ_218-795
28,10546,mRo9sENJwQs,886.115,quickly,cook,41773,fast,cook,turn,turn,487663.0,875.35,make,make,487667.0,893.63,['make'],['make'],[487667],[893.63],mRo9sENJwQs_886-115
29,14398,gSjjIL7FSiY,500.485,completely,cover,114508,completely,cover,fill,fill,460009.0,467.34,use,use,460013.0,589.0,[],[],[],[],gSjjIL7FSiY_500-485
30,5697,63oa5pr6IMI,166.935,quickly,shake,118819,vigorously,shake,add,add,449959.0,165.11,add,add,449962.0,176.51,"['add', 'open', 'add']","['add', 'open', 'add']","[449959, 449961, 449962]","[165.11, 176.55, 176.51]",63oa5pr6IMI_166-935
31,10925,jSyR4mlYCNc,116.395,completely,mix,118831,completely,dissolve,stir,mix,300006.0,114.39,add,add,300008.0,118.05,"['soak', 'absorb', 'stir', 'add']","['soak', 'absorb', 'mix', 'add']","[300004, 300005, 300006, 300008]","[110.31, 111.93, 114.39, 118.05]",jSyR4mlYCNc_116-395
32,2894,n1lqYPyoKXU,129.245,slowly,add,26618,slowly,add,measure,measure,554969.0,121.74,start,start,554971.0,164.14,['measure'],['measure'],[554969],[121.74],n1lqYPyoKXU_129-245
33,9408,205WwzHRLrk,82.47,completely,raise,96366,totally,raise,use,use,130827.0,75.58,add,add,130829.0,103.62,['use'],['use'],[130827],[75.58],205WwzHRLrk_82-47
34,4555,usyYiHN7Dwc,434.365,completely,make,40596,fully,assemble,fit,fill,240603.0,432.36,install,install,240605.0,435.68,"['install', 'fit', 'install']","['install', 'fill', 'install']","[240602, 240603, 240605]","[428.88, 432.36, 435.68]",usyYiHN7Dwc_434-365
35,8872,Liqlw7RSC20,314.065,slowly,take,1373,slowly,grab,cook,cook,20218.0,281.37,melt,melt,20220.0,343.03,[],[],[],[],Liqlw7RSC20_314-065
36,11012,n6BZcSR3t5Q,153.655,completely,cool,118831,completely,cool,whisk,mix,298223.0,140.34,whip,mix,298225.0,161.79,['whip'],['mix'],[298225],[161.79],n6BZcSR3t5Q_153-655
37,53,7nrKEhC0rLM,358.675,slowly,pour,53204,slowly,pour,stir,mix,192791.0,328.69,strain,drain,192793.0,370.56,[],[],[],[],7nrKEhC0rLM_358-675
38,2321,tsTWYytwhic,76.39,partially,mix,16136,slightly,blend,bake,cook,54692.0,68.93,stick,stick,54694.0,79.56,"['bake', 'stick']","['cook', 'stick']","[54692, 54694]","[68.93, 79.56]",tsTWYytwhic_76-39
39,15909,Ywvo2TSTh9w,65.175,completely,mix,91518,thoroughly,stir,add,add,151553.0,59.12,knead,knead,151555.0,82.3,['add'],['add'],[151553],[59.12],Ywvo2TSTh9w_65-175
40,15228,k97oh_Li_JM,242.515,coarsely,grind,14133,coarsely,grind,use,use,126150.0,224.73,mix,mix,126152.0,290.33,[],[],[],[],k97oh_Li_JM_242-515
41,13417,i-Pb5tFwlbg,114.22,quickly,cool,67160,rapidly,cool,turn,turn,587782.0,109.21,pop,put,587784.0,119.37,"['cook', 'turn', 'pop']","['cook', 'turn', 'put']","[587781, 587782, 587784]","[107.12, 109.21, 119.37]",i-Pb5tFwlbg_114-22
42,13765,i0DWi5geBBY,137.985,partially,close,41718,halfway,shut,close,close,600243.0,131.09,pull,pull,600245.0,148.18,['close'],['close'],[600243],[131.09],i0DWi5geBBY_137-985
43,14172,fp0vZpmybzQ,96.16,slowly,add,114508,slowly,add,heat,cook,450926.0,88.49,heat,cook,450928.0,96.19,"['heat', 'heat']","['cook', 'cook']","[450926, 450928]","[88.49, 96.19]",fp0vZpmybzQ_96-16
44,15128,1OP7v17o7wQ,352.12,quickly,cook,14133,fast,cook,burn,burn,117814.0,344.8,fall,fall,117817.0,360.87,"['burn', 'fall']","['burn', 'fall']","[117814, 117817]","[344.8, 360.87]",1OP7v17o7wQ_352-12
45,7849,v2l-QRrp2hA,25.555,finely,grind,34938,finely,grind,,,,,fit,fill,527218.0,66.89,[],[],[],[],v2l-QRrp2hA_25-555
46,13242,7QqElWVL1_M,597.35,completely,twist,40610,completely,tighten,turn,turn,145033.0,590.63,screw,twist,145035.0,607.83,['turn'],['turn'],[145033],[590.63],7QqElWVL1_M_597-35
47,1608,TJ7_Bfo-Jto,134.845,slowly,add,42901,slowly,add,pour,pour,395248.0,92.6,pour,pour,395250.0,163.89,[],[],[],[],TJ7_Bfo-Jto_134-845
48,13506,LINzYEXFCsc,400.115,slowly,mix,76412,slowly,mix,sit,sit,407151.0,393.86,stick,stick,407153.0,428.3,['sit'],['sit'],[407151],[393.86],LINzYEXFCsc_400-115
49,9129,wPd0XGH889c,49.01,coarsely,cut,103832,not finely,chop,warm,cook,542500.0,33.79,add,add,542503.0,53.65,['add'],['add'],[542503],[53.65],wPd0XGH889c_49-01
50,14577,8wFcEcOe8UE,81.095,completely,mix,114508,completely,combine,whisk,mix,461809.0,79.71,stir,mix,461811.0,87.17,"['add', 'whisk', 'stir', 'boil', 'whisk']","['add', 'mix', 'mix', 'cook', 'mix']","[461808, 461809, 461811, 461812, 461813]","[78.48, 79.71, 87.17, 89.45, 90.31]",8wFcEcOe8UE_81-095
51,14133,i9GnP5S2mms,17.64,finely,cut,72954,finely,dice,chop,cut,429212.0,14.76,cut,cut,429214.0,22.38,"['chop', 'cut']","['cut', 'cut']","[429212, 429214]","[14.76, 22.38]",i9GnP5S2mms_17-64
52,15695,D7sj7L1uLiw,265.385,completely,adjust,23524,completely,change,drag,pull,91359.0,242.95,smash,press,91361.0,267.52,['smash'],['press'],[91361],[267.52],D7sj7L1uLiw_265-385
53,13280,g9DU2sgW6Gw,310.8400000000001,finely,fill,40610,fine,fit,remove,take,144925.0,290.11,lock,close,144927.0,314.93,"['lock', 'tap']","['close', 'hit']","[144927, 144928]","[314.93, 320.47]",g9DU2sgW6Gw_310-8400000000001
54,14400,TYwcjTDZTpg,92.305,completely,mix,114508,completely,dissolve,mix,mix,463022.0,89.16,add,add,463024.0,94.66,"['mix', 'hit', 'mix', 'add', 'mix', 'combine', 'set', 'set']","['mix', 'hit', 'mix', 'add', 'mix', 'mix', 'set', 'set']","[463020, 463021, 463022, 463024, 463025, 463026, 463027, 463028]","[85.59, 88.8, 89.16, 94.66, 97.31, 99.25, 99.56, 102.26]",TYwcjTDZTpg_92-305
55,16331,AMR-GjS_Mhk,79.12,completely,cover,41950,completely,cover,make,make,72236.0,78.3,touch,touch,72238.0,91.2,['make'],['make'],[72236],[78.3],AMR-GjS_Mhk_79-12
56,2295,CTmKA_5ZzuY,178.29500000000004,completely,mix,16136,rigorously,mix,add,add,54195.0,172.88,add,add,54197.0,184.97,"['add', 'add']","['add', 'add']","[54195, 54197]","[172.88, 184.97]",CTmKA_5ZzuY_178-29500000000004
57,6364,ULdlaHBKj6g,115.81,completely,cool,106686,thoroughly,cool,touch,touch,574279.0,115.09,add,add,574281.0,121.12,"['touch', 'add']","['touch', 'add']","[574279, 574281]","[115.09, 121.12]",ULdlaHBKj6g_115-81
58,1862,UeJDxr0E5oc,45.94,quickly,turn,51659,quickly,toss,add,add,435503.0,36.1,cook,cook,435505.0,59.49,['add'],['add'],[435503],[36.1],UeJDxr0E5oc_45-94
59,1114,OVKtzlvQi2s,120.715,completely,cool,105259,completely,cool,mince,cut,18549.0,116.08,pour,pour,18551.0,121.3,"['add', 'mince', 'pour', 'pack']","['add', 'cut', 'pour', 'fill']","[18548, 18549, 18551, 18552]","[112.21, 116.08, 121.3, 127.59]",OVKtzlvQi2s_120-715
60,7562,tJquc9UyobU,296.4650000000001,slowly,cut,30744,slowly,slice,heat,cook,566488.0,260.1,melt,melt,566493.0,304.93,"['melt', 'hold']","['melt', 'hold']","[566493, 566494]","[304.93, 306.44]",tJquc9UyobU_296-4650000000001
61,8399,PoCyI5vqskA,699.63,slowly,mix,93400,slowly,stir,place,put,265985.0,689.86,tighten,twist,265986.0,703.74,"['place', 'tighten', 'prepare']","['put', 'twist', 'make']","[265985, 265986, 265987]","[689.86, 703.74, 706.44]",PoCyI5vqskA_699-63
62,9604,0kWPQhXurOU,220.985,slowly,add,91537,slowly,add,,,,,,,,,[],[],[],[],0kWPQhXurOU_220-985
63,4391,M7ZI4VSGbUI,670.985,slowly,use,40596,slowly,use,install,install,237662.0,630.44,grab,take,237664.0,694.62,[],[],[],[],M7ZI4VSGbUI_670-985
64,16843,TcTM1g9Uiro,82.39,completely,cover,85159,completely,cover,sprinkle,sprinkle,80117.0,64.89,add,add,80119.0,145.19,[],[],[],[],TcTM1g9Uiro_82-39
65,7518,deGuQtWJlp8,136.875,completely,cover,30744,completely,cover,apply,spread,568265.0,130.84,lay,put,568267.0,138.73,"['apply', 'lay', 'dry', 'dry', 'flip', 'paint']","['spread', 'put', 'dry', 'dry', 'turn', 'spread']","[568265, 568267, 568268, 568269, 568270, 568271]","[130.84, 138.73, 140.08, 142.79, 143.26, 145.09]",deGuQtWJlp8_136-875
66,14284,8ti7rJ882Hk,562.79,completely,cool,114508,thoroughly,cool,wrap,cover,455004.0,558.31,wrap,cover,455006.0,563.76,"['trim', 'wrap', 'wrap', 'wrap', 'cover']","['cut', 'cover', 'cover', 'cover', 'cover']","[455003, 455004, 455006, 455007, 455008]","[554.14, 558.31, 563.76, 566.72, 571.51]",8ti7rJ882Hk_562-79
67,11287,J3tCBVTgzLg,460.045,quickly,cook,105209,fast,cook,use,use,195816.0,436.68,strain,drain,195820.0,463.65,"['strain', 'cut']","['drain', 'cut']","[195820, 195821]","[463.65, 467.5]",J3tCBVTgzLg_460-045
68,3965,AoPDhr5qkxY,131.625,completely,cook,113764,fully,cook,fill,fill,275440.0,114.59,grill,cook,275442.0,135.93,"['grill', 'turn']","['cook', 'turn']","[275442, 275443]","[135.93, 137.11]",AoPDhr5qkxY_131-625
69,6161,n1gBmmKP2lY,235.08,completely,mix,106686,thoroughly,mix,cover,cover,574011.0,226.12,add,add,574014.0,258.32,"['reduce', 'cover']","['cook', 'cover']","[574010, 574011]","[225.37, 226.12]",n1gBmmKP2lY_235-08
70,7425,6k1-LxUCaOQ,216.755,quickly,mix,30744,quickly,stir,add,add,566668.0,210.71,sit,sit,566670.0,309.45,['add'],['add'],[566668],[210.71],6k1-LxUCaOQ_216-755
71,381,AVZ_OPW_ODI,1558.485,completely,cook,50348,thoroughly,cook,bring,carry,310067.0,1552.6,boil,cook,310069.0,1564.71,"['bring', 'boil']","['carry', 'cook']","[310067, 310069]","[1552.6, 1564.71]",AVZ_OPW_ODI_1558-485
72,14294,i1afDf95uRw,128.095,partially,pull,114508,slightly,pull,open,open,466682.0,122.12,hold,hold,466684.0,130.84,"['open', 'hold', 'use']","['open', 'hold', 'use']","[466682, 466684, 466685]","[122.12, 130.84, 137.64]",i1afDf95uRw_128-095
73,13373,jXSw3n68vUo,207.37,completely,mix,67160,thoroughly,dissolve,boil,cook,590241.0,201.55,boil,cook,590243.0,210.52,"['boil', 'boil', 'turn', 'simmer']","['cook', 'cook', 'turn', 'cook']","[590241, 590243, 590244, 590245]","[201.55, 210.52, 212.68, 215.56]",jXSw3n68vUo_207-37
74,6566,qzvH4vxRK3s,132.125,partially,cook,20898,slightly,cook,roast,cook,359289.0,128.74,add,add,359291.0,133.99,"['add', 'dry', 'roast', 'dry', 'roast', 'add']","['add', 'dry', 'cook', 'dry', 'cook', 'add']","[359285, 359286, 359287, 359288, 359289, 359291]","[123.73, 125.86, 126.5, 127.41, 128.74, 133.99]",qzvH4vxRK3s_132-125
75,15999,cATOt2GGYEg,73.78,slowly,add,91518,slowly,add,start,start,155747.0,14.47,knead,knead,155749.0,77.92,"['knead', 'stop']","['knead', 'stop']","[155749, 155750]","[77.92, 80.81]",cATOt2GGYEg_73-78
76,7240,SnaORRKPuM0,278.415,completely,cover,89899,completely,cover,wrap,cover,224466.0,274.77,fold,fold,224469.0,282.82,"['wrap', 'fold']","['cover', 'fold']","[224466, 224469]","[274.77, 282.82]",SnaORRKPuM0_278-415
77,16738,9t6MZxxVhU0,113.52,quickly,put,85159,quickly,put,color,cook,82031.0,87.34,grab,take,82033.0,137.77,[],[],[],[],9t6MZxxVhU0_113-52
78,3960,-HonmwzZ-mc,722.375,slowly,pour,113764,slowly,pour,lock,close,274417.0,716.35,start,start,274419.0,726.97,"['lock', 'start']","['close', 'start']","[274417, 274419]","[716.35, 726.97]",-HonmwzZ-mc_722-375
79,9922,pltsPT312N8,539.6600000000002,partially,cook,106568,barely,steam,stir,mix,581956.0,525.47,,,,,[],[],[],[],pltsPT312N8_539-6600000000002
80,5304,qD9-mkyDPro,351.145,slowly,add,101028,slowly,add,beat,mix,109600.0,349.74,beat,mix,109602.0,353.02,"['freeze', 'beat', 'beat', 'whip']","['cool', 'mix', 'mix', 'mix']","[109599, 109600, 109602, 109604]","[348.16, 349.74, 353.02, 358.71]",qD9-mkyDPro_351-145
81,697,bT4DHv76CN4,145.89,finely,cut,97633,finely,chop,saute,cook,444648.0,145.68,add,add,444649.0,150.4,"['add', 'saute', 'add']","['add', 'cook', 'add']","[444646, 444648, 444649]","[140.15, 145.68, 150.4]",bT4DHv76CN4_145-89
82,12660,9YV8U8fH3Uk,39.43000000000001,completely,cool,118421,totally,cool,start,start,58712.0,22.0,press,press,58714.0,55.92,[],[],[],[],9YV8U8fH3Uk_39-43000000000001
83,12767,cOeh5DnA2u8,1289.415,quickly,cook,76407,quickly,cook,turn,turn,283884.0,1288.27,wrap,cover,283886.0,1340.09,['turn'],['turn'],[283884],[1288.27],cOeh5DnA2u8_1289-415
84,10329,p57kf_qRUVs,246.245,slowly,cook,96127,not fast,warm,,,,,,,,,[],[],[],[],p57kf_qRUVs_246-245
85,4246,nE5gOROBPRg,17.315,slowly,start,93376,slowly,start,,,,,roast,cook,332395.0,18.05,['roast'],['cook'],[332395],[18.05],nE5gOROBPRg_17-315
86,12427,b1jVzfnWE3w,294.07000000000005,quickly,cook,29477,fast,boil,start,start,483387.0,279.5,add,add,483390.0,342.28,[],[],[],[],b1jVzfnWE3w_294-07000000000005
87,11222,n10xBmqehik,444.74,quickly,sprinkle,105209,quickly,season,fry,cook,198745.0,442.02,,,,,"['bring', 'add', 'fry']","['carry', 'add', 'cook']","[198743, 198744, 198745]","[436.65, 439.64, 442.02]",n10xBmqehik_444-74
88,14066,MT7J7bQ1iXc,208.935,slowly,pull,77194,slowly,pull,drop,dip,427686.0,205.05,freeze,cool,427688.0,218.05,"['drop', 'freeze']","['dip', 'cool']","[427686, 427688]","[205.05, 218.05]",MT7J7bQ1iXc_208-935
89,11333,5oAAyrfAe5Q,84.545,finely,cut,105209,finely,shred,chop,cut,202459.0,82.47,dice,cut,202461.0,88.19,"['boil', 'boil', 'chop', 'dice']","['cook', 'cook', 'cut', 'cut']","[202457, 202458, 202459, 202461]","[76.92, 76.41, 82.47, 88.19]",5oAAyrfAe5Q_84-545
90,2695,PmyrJNHXf3k,260.81,slowly,start,81790,slowly,start,mix,mix,337514.0,249.61,add,add,337516.0,265.35,"['add', 'add', 'scramble']","['add', 'add', 'mix']","[337516, 337517, 337518]","[265.35, 268.27, 269.94]",PmyrJNHXf3k_260-81
91,9948,prKOOVdASIo,259.845,slowly,pour,106568,slowly,pour,add,add,584865.0,246.02,mix,mix,584867.0,260.12,"['mix', 'stir']","['mix', 'mix']","[584867, 584868]","[260.12, 263.85]",prKOOVdASIo_259-845
92,12755,BSc2Pth1c0I,86.63499999999998,partially,absorb,118421,slightly,absorb,freeze,cool,60518.0,78.07,drain,drain,60520.0,100.93,['freeze'],['cool'],[60518],[78.07],BSc2Pth1c0I_86-63499999999998
93,2425,FZgxs9V246A,92.65,slowly,fold,16136,slowly,fold,combine,mix,52324.0,90.9,pour,pour,52326.0,106.81,['combine'],['mix'],[52324],[90.9],FZgxs9V246A_92-65
94,10269,9torK36UJB4,359.9,quickly,pour,96127,fast,pour,,,,,,,,,[],[],[],[],9torK36UJB4_359-9
95,13800,r7BIGzX5xiY,635.625,quickly,burn,41718,fast,burn,toast,cook,599966.0,582.34,flip,turn,599968.0,650.55,[],[],[],[],r7BIGzX5xiY_635-625
96,16728,5GiT5HMV2Wg,31.155,partially,mix,85159,slightly,beat,make,make,82525.0,14.67,whip,mix,82527.0,32.64,"['whip', 'fill']","['mix', 'fill']","[82527, 82528]","[32.64, 34.62]",5GiT5HMV2Wg_31-155
97,9638,25GYKiZ6118,318.52,quickly,shake,91537,vigorously,shake,,,,,,,,,[],[],[],[],25GYKiZ6118_318-52
98,17861,9LSjUJ2HAA8,124.915,partially,cook,105762,slightly,toast,stir,mix,350984.0,116.71,grind,grind,350986.0,130.99,"['stir', 'grind']","['mix', 'grind']","[350984, 350986]","[116.71, 130.99]",9LSjUJ2HAA8_124-915
99,7772,D-bG59cITaY,151.97,partially,pour,34938,slightly,drip,dip,dip,524241.0,147.0,hang,mount,524243.0,155.71,"['dip', 'hang', 'fall']","['dip', 'mount', 'fall']","[524241, 524243, 524244]","[147.0, 155.71, 159.27]",D-bG59cITaY_151-97
100,1747,kx0L-IDAET8,962.995,completely,dry,34967,completely,dry,stuff,fill,372659.0,954.47,,,,,['stuff'],['fill'],[372659],[954.47],kx0L-IDAET8_962-995
101,2916,qIRl8taMSAQ,26.925,partially,adjust,26618,slightly,change,,,,,take,take,557765.0,113.18,[],[],[],[],qIRl8taMSAQ_26-925
102,3598,BAk9-EfrU_Q,881.62,completely,dry,110266,completely,dry,start,start,313799.0,876.73,install,install,313802.0,915.79,['start'],['start'],[313799],[876.73],BAk9-EfrU_Q_881-62
103,9566,rFyQOfoLWnE,104.895,quickly,cook,91537,quickly,cook,,,,,,,,,[],[],[],[],rFyQOfoLWnE_104-895
104,12469,aDyEkU8inQI,369.12,completely,cool,29477,completely,cool,blend,mix,480204.0,359.74,take,take,480206.0,371.49,"['blend', 'take', 'mash']","['mix', 'take', 'press']","[480204, 480206, 480207]","[359.74, 371.49, 376.25]",aDyEkU8inQI_369-12
105,11344,FcsOYUFG7jc,11.96,quickly,cook,105209,fast,heat,fry,cook,197133.0,6.52,turn,turn,197136.0,20.02,"['make', 'fry', 'mince', 'turn', 'fry']","['make', 'cook', 'cut', 'turn', 'cook']","[197132, 197133, 197135, 197136, 197137]","[3.53, 6.52, 20.66, 20.02, 21.9]",FcsOYUFG7jc_11-96
106,13041,HyzTYoVqucE,178.79500000000004,quickly,cook,91586,fast,cook,carry,carry,167415.0,170.09,use,use,167418.0,184.75,"['carry', 'use']","['carry', 'use']","[167415, 167418]","[170.09, 184.75]",HyzTYoVqucE_178-79500000000004
107,3502,2TKri71F8Nw,257.885,completely,cover,108098,completely,cover,slide,move,362813.0,254.04,set,set,362815.0,267.29,"['slide', 'set']","['move', 'set']","[362813, 362815]","[254.04, 267.29]",2TKri71F8Nw_257-885
108,1324,XizEXmNKaNc,300.51,completely,cook,16323,thoroughly,cook,hit,hit,473925.0,281.66,soak,soak,473927.0,315.71,[],[],[],[],XizEXmNKaNc_300-51
109,2435,192gnyJ7R1s,123.99,completely,mix,81790,completely,blend,mix,mix,338909.0,119.09,transfer,move,338911.0,133.38,"['bring', 'mix', 'transfer']","['carry', 'mix', 'move']","[338908, 338909, 338911]","[118.54, 119.09, 133.38]",192gnyJ7R1s_123-99
110,7340,EUmb8sA4ML4,838.975,completely,fill,30744,completely,fill,cut,cut,567466.0,834.21,,,,,['cut'],['cut'],[567466],[834.21],EUmb8sA4ML4_838-975
111,15954,v3KXLvOJDcY,413.75,slowly,add,91518,slowly,add,mix,mix,151688.0,394.24,mix,mix,151692.0,415.09,['mix'],['mix'],[151692],[415.09],v3KXLvOJDcY_413-75
112,16227,g1Fpg20dFt4,272.83500000000004,slowly,pour,41950,slowly,pour,measure,measure,66615.0,249.76,put,put,66617.0,281.87,['put'],['put'],[66617],[281.87],g1Fpg20dFt4_272-83500000000004
113,16018,762YvF2ywz4,659.06,slowly,raise,91518,slowly,rise,stick,stick,149509.0,646.53,cover,cover,149511.0,668.64,['cover'],['cover'],[149511],[668.64],762YvF2ywz4_659-06
114,11486,umGT85yDfYc,44.21,finely,cut,105209,finely,chop,add,add,201628.0,41.07,add,add,201630.0,46.19,"['add', 'add', 'add']","['add', 'add', 'add']","[201628, 201630, 201631]","[41.07, 46.19, 49.58]",umGT85yDfYc_44-21
115,7441,uuGSQR_AsJ4,61.5,completely,mix,30744,completely,dissolve,mix,mix,571445.0,56.15,pour,pour,571448.0,63.4,"['turn', 'combine', 'add', 'mix', 'pour', 'pack']","['turn', 'mix', 'add', 'mix', 'pour', 'fill']","[571442, 571443, 571444, 571445, 571448, 571449]","[51.52, 55.09, 55.72, 56.15, 63.4, 69.85]",uuGSQR_AsJ4_61-5
116,1955,DP8ctcfWkHo,338.81,slowly,add,51659,slowly,add,make,make,433544.0,333.87,whisk,mix,433546.0,341.18,"['start', 'make', 'whisk', 'use']","['start', 'make', 'mix', 'use']","[433542, 433544, 433546, 433549]","[333.13, 333.87, 341.18, 345.86]",DP8ctcfWkHo_338-81
117,11318,xNJNTQx4jdk,85.66,completely,cut,105209,fully,chop,add,add,201093.0,73.97,mix,mix,201094.0,109.68,[],[],[],[],xNJNTQx4jdk_85-66
118,1809,Jtll4e-l_0g,84.63499999999998,completely,mix,34967,thoroughly,combine,mix,mix,373139.0,79.82,add,add,373141.0,86.39,"['mix', 'add', 'rise', 'raise', 'add', 'mix']","['mix', 'add', 'raise', 'raise', 'add', 'mix']","[373139, 373141, 373142, 373143, 373144, 373145]","[79.82, 86.39, 89.32, 92.03, 91.1, 93.34]",Jtll4e-l_0g_84-63499999999998
119,5872,-Pf_hmyBFrM,129.89,quickly,cool,40566,quickly,cool,heat,cook,87921.0,125.74,melt,melt,87923.0,131.63,"['heat', 'melt', 'drop']","['cook', 'melt', 'dip']","[87921, 87923, 87924]","[125.74, 131.63, 137.91]",-Pf_hmyBFrM_129-89
120,8295,NyyFZBjoDU8,189.975,quickly,wash,31438,fast,clean,,,,,,,,,[],[],[],[],NyyFZBjoDU8_189-975
121,702,bT4DHv76CN4,342.9500000000001,slowly,spread,97633,slowly,spread,pour,pour,444673.0,318.81,sprinkle,sprinkle,444676.0,358.27,[],[],[],[],bT4DHv76CN4_342-9500000000001
122,9410,8ZBn_ZMHLMU,210.835,quickly,turn,96366,quickly,turn,chop,cut,137948.0,205.86,hold,hold,137950.0,219.11,"['mince', 'take', 'chop', 'chop', 'hold']","['cut', 'take', 'cut', 'cut', 'hold']","[137945, 137946, 137947, 137948, 137950]","[201.34, 203.35, 204.35, 205.86, 219.11]",8ZBn_ZMHLMU_210-835
123,805,f-jsarcJMlw,127.395,completely,cook,97633,fully,cook,simmer,cook,440951.0,126.28,add,add,440954.0,133.24,"['cover', 'simmer', 'add', 'add']","['cover', 'cook', 'add', 'add']","[440950, 440951, 440954, 440955]","[122.89, 126.28, 133.24, 136.62]",f-jsarcJMlw_127-395
124,6412,0zeboswxMeQ,127.75,finely,cut,20898,thinly,chop,use,use,357227.0,124.45,dry,dry,357230.0,144.14,"['add', 'use']","['add', 'use']","[357226, 357227]","[120.78, 124.45]",0zeboswxMeQ_127-75
125,825,pr7xA80xpYY,61.935,partially,raise,118780,not completely,rise,steam,cook,74837.0,54.86,break,separate,74839.0,64.55,"['steam', 'break', 'drop']","['cook', 'separate', 'dip']","[74837, 74839, 74840]","[54.86, 64.55, 66.36]",pr7xA80xpYY_61-935
126,7924,fCBjvK60gRY,47.595,slowly,add,34938,slowly,add,beat,mix,526395.0,46.92,incorporate,mix,526397.0,58.12,['beat'],['mix'],[526395],[46.92],fCBjvK60gRY_47-595
127,10120,yAwFIUNz1gk,42.91,slowly,pour,96127,slowly,pour,,,,,,,,,[],[],[],[],yAwFIUNz1gk_42-91
128,3479,BmkNIPE0T7Y,480.285,partially,make,108098,barely,make,hit,hit,367907.0,462.33,cut,cut,367909.0,484.35,['cut'],['cut'],[367909],[484.35],BmkNIPE0T7Y_480-285
129,2956,A6wz49GPnFo,196.045,quickly,cook,26618,quickly,cook,spread,spread,557264.0,187.15,grease,spread,557268.0,232.05,['spread'],['spread'],[557264],[187.15],A6wz49GPnFo_196-045
130,1643,fEGt47E2hEk,193.345,partially,cool,42901,slightly,cool,set,set,393340.0,192.47,make,make,393342.0,196.84,"['set', 'make', 'whip', 'whisk']","['set', 'make', 'mix', 'mix']","[393340, 393342, 393343, 393344]","[192.47, 196.84, 198.63, 202.64]",fEGt47E2hEk_193-345
131,14673,Um63KmFDWzg,652.31,completely,set,114508,completely,set,pop,put,451667.0,649.81,break,separate,316424.0,664.59,"['pop', 'pop']","['put', 'put']","[316422, 451667]","[649.81, 649.81]",Um63KmFDWzg_652-31
132,12545,NAfU8sE9GvU,57.96,finely,cut,118421,finely,chop,peel,peel,63453.0,54.92,add,add,63455.0,59.28,"['cover', 'combine', 'peel', 'add', 'squeeze']","['cover', 'mix', 'peel', 'add', 'press']","[63451, 63452, 63453, 63455, 63456]","[48.25, 49.36, 54.92, 59.28, 61.89]",NAfU8sE9GvU_57-96
133,1772,Y-sHr1z_pXY,233.34,partially,cover,34967,half,cover,use,use,372159.0,123.58,,,,,[],[],[],[],Y-sHr1z_pXY_233-34
134,6574,M1L_e5dGjkE,102.33,finely,hit,20898,finely,tap,chop,cut,352488.0,92.69,chop,cut,352490.0,108.93,"['chop', 'chop', 'chop']","['cut', 'cut', 'cut']","[352488, 352490, 352491]","[92.69, 108.93, 112.28]",M1L_e5dGjkE_102-33
135,14585,2z72ov5oBNs,452.49,completely,cook,114508,totally,thicken,simmer,cook,463766.0,444.16,stick,stick,463768.0,454.44,"['simmer', 'stick']","['cook', 'stick']","[463766, 463768]","[444.16, 454.44]",2z72ov5oBNs_452-49
136,16137,2hnEPxFilB4,1115.0700000000004,completely,fill,41950,completely,fill,add,add,71690.0,1111.25,cut,cut,71692.0,1191.9,['add'],['add'],[71690],[1111.25],2hnEPxFilB4_1115-0700000000004
137,6222,9nzlWBw6HyQ,233.635,quickly,cook,106686,quickly,thicken,pour,pour,577610.0,228.71,start,start,577611.0,233.99,"['put', 'pour', 'start', 'add', 'add']","['put', 'pour', 'start', 'add', 'add']","[577609, 577610, 577611, 577613, 577614]","[225.87, 228.71, 233.99, 235.84, 241.52]",9nzlWBw6HyQ_233-635
138,813,WJq_vx0ZTtM,294.395,quickly,carry,118780,rapidly,bring,use,use,73987.0,261.97,add,add,73989.0,305.88,[],[],[],[],WJq_vx0ZTtM_294-395
139,988,09g0EQz32NQ,326.495,completely,dip,105259,totally,submerge,bring,carry,19685.0,309.9,,,,,[],[],[],[],09g0EQz32NQ_326-495
140,13068,omqtImwM4Q4,28.69,finely,cut,91586,finely,chop,make,make,173531.0,19.15,peel,peel,173532.0,45.05,['make'],['make'],[173531],[19.15],omqtImwM4Q4_28-69
141,15301,EXWaJDIbBSo,699.4449999999997,partially,dry,14133,not completely,dry,seal,close,123121.0,693.85,season,sprinkle,123123.0,729.92,['seal'],['close'],[123121],[693.85],EXWaJDIbBSo_699-4449999999997
142,13268,PyrfM9F9Qa0,172.69,slowly,press,40610,slowly,squeeze,raise,raise,146251.0,165.1,instal,install,146253.0,179.08,"['raise', 'instal', 'use']","['raise', 'install', 'use']","[146251, 146253, 146254]","[165.1, 179.08, 180.86]",PyrfM9F9Qa0_172-69
143,653,2Z4UUEBDVkk,189.03,slowly,mix,97633,slowly,mix,stop,stop,437239.0,187.53,add,add,437241.0,190.32,"['add', 'add', 'stop', 'add']","['add', 'add', 'stop', 'add']","[437237, 437238, 437239, 437241]","[182.3, 186.73, 187.53, 190.32]",2Z4UUEBDVkk_189-03
144,7281,atB4V__lFjI,37.2,completely,cover,89899,completely,cover,set,set,220609.0,31.41,cut,cut,220611.0,64.2,['set'],['set'],[220609],[31.41],atB4V__lFjI_37-2
145,5206,SiuKVIusJHk,725.905,quickly,cook,101028,fast,cook,use,use,110328.0,722.34,use,use,110331.0,734.65,"['touch', 'use', 'use']","['touch', 'use', 'use']","[110327, 110328, 110331]","[717.43, 722.34, 734.65]",SiuKVIusJHk_725-905
146,11332,5oAAyrfAe5Q,82.47,finely,cut,105209,finely,chop,boil,cook,202457.0,76.92,shred,cut,202460.0,84.55,"['boil', 'boil', 'shred', 'dice']","['cook', 'cook', 'cut', 'cut']","[202457, 202458, 202460, 202461]","[76.92, 76.41, 84.55, 88.19]",5oAAyrfAe5Q_82-47
147,13305,4XUBiNEetc4,57.725,completely,set,40610,fully,set,turn,turn,147506.0,41.38,jack,raise,147508.0,62.54,"['jack', 'change']","['raise', 'adjust']","[147508, 147509]","[62.54, 67.26]",4XUBiNEetc4_57-725
148,1773,Fs6NsAwS5Fk,349.395,partially,sprinkle,34967,slightly,drizzle,mix,mix,372954.0,268.88,cool,cool,372956.0,349.4,['cool'],['cool'],[372956],[349.4],Fs6NsAwS5Fk_349-395
149,12692,j2QvZUmCqGk,787.935,completely,cover,118421,not briefly,cover,grab,take,57328.0,758.82,pull,pull,57330.0,793.09,['pull'],['pull'],[57330],[793.09],j2QvZUmCqGk_787-935
150,8056,bkxoHhafkqQ,382.695,partially,cook,34938,slightly,soften,add,add,518217.0,378.1,brush,spread,518219.0,396.58,"['cover', 'trim', 'add']","['cover', 'cut', 'add']","[518215, 518216, 518217]","[376.25, 375.4, 378.1]",bkxoHhafkqQ_382-695
151,13566,V4o7R_qBfhw,19.9,coarsely,cut,76412,thickly,cut,start,start,412026.0,16.88,stuff,fill,412029.0,31.16,['start'],['start'],[412026],[16.88],V4o7R_qBfhw_19-9
152,807,cKQ5yMXfN_A,71.295,finely,cut,97633,finely,chop,pop,put,439411.0,44.36,use,use,439413.0,96.67,[],[],[],[],cKQ5yMXfN_A_71-295
153,16838,G-hwbGseU9I,367.125,quickly,set,85159,quickly,set,sit,sit,80899.0,362.02,pull,pull,80901.0,416.79,['sit'],['sit'],[80899],[362.02],G-hwbGseU9I_367-125
154,12698,IrpKV1RiGC4,380.595,quickly,add,118421,quickly,add,season,sprinkle,62330.0,355.07,measure,measure,62332.0,387.69,['measure'],['measure'],[62332],[387.69],IrpKV1RiGC4_380-595
155,16415,jn6SDELdZmA,114.93,slowly,turn,57396,slowly,turn,start,start,94584.0,113.77,use,use,94586.0,117.95,"['start', 'use']","['start', 'use']","[94584, 94586]","[113.77, 117.95]",jn6SDELdZmA_114-93
156,3768,ckD6W9Hs3-4,54.35,coarsely,press,109761,coarsely,mash,cover,cover,414735.0,42.77,set,set,414737.0,55.61,"['set', 'slice']","['set', 'cut']","[414737, 414738]","[55.61, 57.11]",ckD6W9Hs3-4_54-35
157,14484,-ckjbEGJlOU,777.53,completely,cover,114508,completely,cover,fill,fill,462070.0,763.36,add,add,462072.0,784.74,"['add', 'start']","['add', 'start']","[462072, 462073]","[784.74, 785.9]",-ckjbEGJlOU_777-53
158,8237,VuvJxCObGFc,245.145,partially,dry,31438,slightly,dry,,,,,,,,,[],[],[],[],VuvJxCObGFc_245-145
159,13582,geR29Vd9j1c,338.2,completely,set,76412,completely,set,pop,put,410981.0,329.86,slice,cut,410983.0,354.83,['pop'],['put'],[410981],[329.86],geR29Vd9j1c_338-2
160,5225,lRYgLpsrnEM,373.355,completely,mix,101028,fully,combine,start,start,101539.0,355.4,open,open,101541.0,442.32,[],[],[],[],lRYgLpsrnEM_373-355
161,8050,ZiwQtqVYLiE,239.475,completely,press,34938,totally,deflate,color,cook,526370.0,234.56,make,make,526372.0,242.65,"['mix', 'add', 'color', 'make', 'mix']","['mix', 'add', 'cook', 'make', 'mix']","[526368, 526369, 526370, 526372, 526373]","[229.96, 232.9, 234.56, 242.65, 247.55]",ZiwQtqVYLiE_239-475
162,16341,wKxFXDCojNQ,429.795,slowly,add,41950,slowly,add,handle,hold,67657.0,414.7,start,start,67660.0,437.72,['start'],['start'],[67660],[437.72],wKxFXDCojNQ_429-795
163,14543,T9PcoUlNo5U,138.015,slowly,mix,114508,slowly,stir,mix,mix,459753.0,127.48,spoon,spoon,459755.0,148.43,[],[],[],[],T9PcoUlNo5U_138-015
164,10898,o84nLJev9pA,324.97,slowly,mix,118831,slowly,stir,boil,cook,303325.0,317.96,boil,cook,303327.0,331.68,"['boil', 'boil', 'burn']","['cook', 'cook', 'burn']","[303325, 303327, 303328]","[317.96, 331.68, 334.86]",o84nLJev9pA_324-97
165,9334,5T-paTE1xgk,249.42,completely,cool,96366,completely,cool,coat,dip,136496.0,244.32,add,add,136500.0,257.17,"['coat', 'take', 'add']","['dip', 'take', 'add']","[136496, 136497, 136500]","[244.32, 244.05, 257.17]",5T-paTE1xgk_249-42
166,7461,1yc-kS66_BU,218.235,quickly,mix,30744,quick,mix,add,add,572849.0,213.78,pour,pour,572851.0,224.89,"['add', 'pour']","['add', 'pour']","[572849, 572851]","[213.78, 224.89]",1yc-kS66_BU_218-235
167,523,Z5VRDm3oy8M,76.355,partially,cook,97633,slightly,fry,remove,take,441194.0,50.94,add,add,441195.0,90.44,[],[],[],[],Z5VRDm3oy8M_76-355
168,15211,YWdJxdy7w8I,188.075,completely,cook,14133,thoroughly,cook,cover,cover,124728.0,167.35,pull,pull,124732.0,195.57,['pull'],['pull'],[124732],[195.57],YWdJxdy7w8I_188-075
169,2652,C82yxCX2VSU,596.12,completely,cool,81790,completely,cool,loosen,twist,339134.0,576.17,cut,cut,339138.0,612.95,[],[],[],[],C82yxCX2VSU_596-12
170,2038,BjG1oim-sVU,605.8,partially,cover,16136,not completely,cover,whip,mix,53416.0,603.64,whip,mix,53418.0,608.18,"['shred', 'whip', 'whip', 'add']","['cut', 'mix', 'mix', 'add']","[53415, 53416, 53418, 53419]","[598.9, 603.64, 608.18, 614.32]",BjG1oim-sVU_605-8
171,419,W2NmaZbC6r8,154.42000000000004,completely,cook,50348,thoroughly,grill,burn,burn,305327.0,148.57,open,open,305330.0,156.02,"['burn', 'open', 'use']","['burn', 'open', 'use']","[305327, 305330, 305331]","[148.57, 156.02, 158.99]",W2NmaZbC6r8_154-42000000000004
172,13746,o8v7BpYHIEI,104.745,completely,cover,41718,completely,cover,cook,cook,599602.0,87.56,cook,cook,599604.0,110.48,"['cook', 'cook']","['cook', 'cook']","[599604, 599605]","[110.48, 110.61]",o8v7BpYHIEI_104-745
173,7790,ogDXuNOxlyM,797.83,coarsely,cut,34938,coarsely,chop,use,use,518825.0,794.75,use,use,518827.0,801.1,"['use', 'use']","['use', 'use']","[518825, 518827]","[794.75, 801.1]",ogDXuNOxlyM_797-83
174,12939,IsfAYD8jyKM,38.34,finely,cut,76407,finely,chop,cut,cut,278397.0,33.52,take,take,278399.0,47.77,"['make', 'cut', 'take']","['make', 'cut', 'take']","[278396, 278397, 278399]","[30.35, 33.52, 47.77]",IsfAYD8jyKM_38-34
175,12551,tT2GgfqMx3s,80.93,slowly,spread,118421,not vigorously,spread,fill,fill,59142.0,78.68,turn,turn,59144.0,93.55,"['fall', 'fill']","['fall', 'fill']","[59141, 59142]","[78.16, 78.68]",tT2GgfqMx3s_80-93
176,3955,3V4MxH2GuIU,231.625,slowly,mix,113764,slowly,mix,use,use,270608.0,183.34,use,use,270611.0,246.18,[],[],[],[],3V4MxH2GuIU_231-625
177,15716,8M0_d6yg-3s,93.555,quickly,stop,23524,quickly,stop,reduce,cook,91253.0,58.56,prepare,make,91255.0,121.88,[],[],[],[],8M0_d6yg-3s_93-555
178,17830,z4nrRH22hF4,136.025,finely,cut,105762,finely,chop,add,add,352333.0,124.69,add,add,352336.0,148.13,[],[],[],[],z4nrRH22hF4_136-025
179,2821,IPltVES_MhM,1160.455,quickly,feed,26618,quickly,feed,whisk,mix,554408.0,1146.46,use,use,554410.0,1184.85,[],[],[],[],IPltVES_MhM_1160-455
180,10452,c8269lfKDWM,348.71000000000015,partially,cut,41773,slightly,cut,release,release,491434.0,341.39,roll,roll,491436.0,350.29,"['break', 'release', 'roll']","['separate', 'release', 'roll']","[491433, 491434, 491436]","[339.11, 341.39, 350.29]",c8269lfKDWM_348-71000000000015
181,10600,q7H4KUEYkac,21.605,quickly,make,41773,quickly,prepare,add,add,491927.0,15.05,soak,soak,491929.0,26.31,"['add', 'soak']","['add', 'soak']","[491927, 491929]","[15.05, 26.31]",q7H4KUEYkac_21-605
182,728,Lsk6nWGhtfI,197.965,finely,cut,97633,finely,chop,slice,cut,443245.0,173.35,place,put,443247.0,200.53,"['place', 'add', 'add']","['put', 'add', 'add']","[443247, 443248, 443249]","[200.53, 203.71, 205.99]",Lsk6nWGhtfI_197-965
183,1018,g-_Lp0n93-k,1096.6950000000004,slowly,pull,105259,slowly,pull,boil,cook,17209.0,1094.12,absorb,absorb,17211.0,1107.13,['boil'],['cook'],[17209],[1094.12],g-_Lp0n93-k_1096-6950000000004
184,11142,ilu4wtkZxDM,68.3,partially,cool,118831,slightly,cool,boil,cook,303347.0,60.75,wrap,cover,303350.0,70.65,"['stir', 'boil', 'wrap']","['mix', 'cook', 'cover']","[303346, 303347, 303350]","[59.28, 60.75, 70.65]",ilu4wtkZxDM_68-3
185,11187,Ps_bWYDsIts,57.325,finely,cut,105209,finely,dice,dry,dry,201756.0,53.83,dry,dry,201758.0,69.62,"['dry', 'dry']","['dry', 'dry']","[201755, 201756]","[51.8, 53.83]",Ps_bWYDsIts_57-325
186,9961,Jg7mLSG-Yws,44.485,quickly,spread,106568,rapidly,spread,,,,,pack,fill,580313.0,59.94,[],[],[],[],Jg7mLSG-Yws_44-485
187,14119,d8D2b0LbnfU,8.815,quickly,brew,72954,quickly,brew,,,,,roast,cook,429867.0,12.42,['roast'],['cook'],[429867],[12.42],d8D2b0LbnfU_8-815
188,12725,RcR3981_kUY,171.055,quickly,cut,118421,fast,slice,cut,cut,56810.0,165.88,sit,sit,56812.0,174.47,"['cut', 'sit', 'cut']","['cut', 'sit', 'cut']","[56810, 56812, 56813]","[165.88, 174.47, 177.5]",RcR3981_kUY_171-055
189,16053,TZhnqv5LvMY,267.6,completely,mix,91518,thoroughly,mix,use,use,152945.0,226.31,add,add,152948.0,275.69,"['grease', 'add']","['spread', 'add']","[152947, 152948]","[276.86, 275.69]",TZhnqv5LvMY_267-6
190,14640,lYg2lywY3sI,103.055,finely,cover,114508,thinly,cover,add,add,466646.0,87.68,add,add,326537.0,120.22,[],[],[],[],lYg2lywY3sI_103-055
191,10469,cKga9IC8NhI,46.63,quickly,cook,41773,quickly,cook,use,use,484427.0,34.84,use,use,484432.0,68.94,[],[],[],[],cKga9IC8NhI_46-63
192,16047,3j1UfuTdTI4,865.63,completely,cool,91518,completely,cool,bring,carry,148175.0,862.22,hang,mount,148177.0,931.85,"['soften', 'absorb', 'bring']","['cook', 'absorb', 'carry']","[148173, 148174, 148175]","[857.49, 858.99, 862.22]",3j1UfuTdTI4_865-63
193,14079,5Q-eDK2AQVc,239.1,slowly,pour,77194,slowly,pour,squeeze,press,428155.0,195.44,start,start,428161.0,270.02,[],[],[],[],5Q-eDK2AQVc_239-1
194,7640,DBRxaujMT8Y,183.835,slowly,add,118779,slowly,add,whisk,mix,285981.0,158.7,whisk,mix,285986.0,189.87,['whisk'],['mix'],[285986],[189.87],DBRxaujMT8Y_183-835
195,16125,ZNtLIH07rwo,63.87000000000001,completely,mix,41950,completely,dissolve,stir,mix,69523.0,60.8,pour,pour,69525.0,68.64,"['use', 'combine', 'stir', 'pour', 'turn', 'add']","['use', 'mix', 'mix', 'pour', 'turn', 'add']","[69521, 69522, 69523, 69525, 69526, 69527]","[57.71, 58.68, 60.8, 68.64, 72.07, 73.74]",ZNtLIH07rwo_63-87000000000001
196,15802,e79jtz_yIXw,197.08,quickly,fill,44043,quickly,pack,set,set,114275.0,194.53,start,start,114276.0,197.32,"['set', 'start', 'set']","['set', 'start', 'set']","[114275, 114276, 114278]","[194.53, 197.32, 203.88]",e79jtz_yIXw_197-08
197,15945,8rHouOVvJ3Y,1046.53,completely,cool,91518,completely,cool,place,put,156474.0,1039.22,use,use,156477.0,1046.73,"['place', 'use']","['put', 'use']","[156474, 156477]","[1039.22, 1046.73]",8rHouOVvJ3Y_1046-53
198,8552,hur_z6bCZg4,30.58,quickly,cook,93400,fast,cook,,,,,use,use,268608.0,63.47,[],[],[],[],hur_z6bCZg4_30-58
199,12675,xcxRXAaX6oI,41.985,quickly,cook,118421,fast,cook,marinate,soak,59470.0,39.22,char,cook,59472.0,45.91,"['marinate', 'char']","['soak', 'cook']","[59470, 59472]","[39.22, 45.91]",xcxRXAaX6oI_41-985
200,2567,9FeaPztsCPU,78.50999999999998,partially,cook,81790,slightly,thicken,stir,mix,335012.0,76.18,remove,take,335014.0,81.46,"['stir', 'stir', 'remove', 'strain', 'mix']","['mix', 'mix', 'take', 'drain', 'mix']","[335011, 335012, 335014, 335015, 335016]","[71.29, 76.18, 81.46, 85.03, 88.03]",9FeaPztsCPU_78-50999999999998
201,5214,sU4DgWXbtjA,90.305,finely,cut,101028,finely,chop,boil,cook,106101.0,79.48,add,add,106104.0,110.17,[],[],[],[],sU4DgWXbtjA_90-305
202,6090,fs2ueysl_DA,81.15,completely,mix,106686,thoroughly,mix,add,add,575540.0,56.99,add,add,575542.0,90.93,['add'],['add'],[575542],[90.93],fs2ueysl_DA_81-15
203,8422,koSd_r01z2U,66.67,finely,cut,93400,finely,chop,clean,wash,257736.0,11.9,take,take,257739.0,95.56,[],[],[],[],koSd_r01z2U_66-67
204,2255,5rFwJtpon8Y,61.855,completely,mix,16136,completely,dissolve,mix,mix,47334.0,59.59,add,add,47337.0,73.0,"['stir', 'mix']","['mix', 'mix']","[47333, 47334]","[57.88, 59.59]",5rFwJtpon8Y_61-855
205,5326,RDY32qycf5E,791.8399999999997,completely,cool,101028,completely,cool,loosen,twist,107309.0,760.36,add,add,107311.0,817.32,[],[],[],[],RDY32qycf5E_791-8399999999997
206,3702,e74x2pCaZDM,122.415,completely,mix,110266,thoroughly,stir,open,open,311684.0,120.45,drip,pour,311686.0,126.81,"['paint', 'open', 'drip', 'start', 'use']","['spread', 'open', 'pour', 'start', 'use']","[311683, 311684, 311686, 311687, 311688]","[114.72, 120.45, 126.81, 130.59, 130.85]",e74x2pCaZDM_122-415
207,7831,EEET5t07NRs,278.28,slowly,add,34938,slowly,add,place,put,523991.0,233.52,fill,fill,523995.0,297.11,[],[],[],[],EEET5t07NRs_278-28
208,8205,6KN-YoLw0h4,408.655,quickly,wash,31438,quickly,rinse,,,,,,,,,[],[],[],[],6KN-YoLw0h4_408-655
209,11301,lD903NXUm4k,218.86,quickly,drain,105209,quickly,drain,cook,cook,196260.0,216.99,wash,wash,196262.0,221.45,"['break', 'cook', 'wash']","['separate', 'cook', 'wash']","[196259, 196260, 196262]","[213.94, 216.99, 221.45]",lD903NXUm4k_218-86
210,9122,-vwOAk81h4I,159.39499999999995,partially,cook,103832,slightly,thicken,add,add,547516.0,159.24,,,,,"['add', 'bring', 'add']","['add', 'carry', 'add']","[547513, 547514, 547516]","[149.99, 153.35, 159.24]",-vwOAk81h4I_159-39499999999995
211,3310,cD-QJi6El8g,108.675,partially,press,100901,slightly,crush,add,add,564726.0,100.31,add,add,564728.0,110.76,"['pour', 'add', 'add', 'add']","['pour', 'add', 'add', 'add']","[564725, 564726, 564728, 564729]","[99.04, 100.31, 110.76, 117.29]",cD-QJi6El8g_108-675
212,980,xDy6N0ZIiJw,72.155,finely,grind,105259,finely,grind,season,sprinkle,19485.0,68.48,flour,sprinkle,19487.0,79.43,"['sift', 'season', 'flour', 'fry', 'season']","['pour', 'sprinkle', 'sprinkle', 'cook', 'sprinkle']","[19484, 19485, 19487, 19488, 19489]","[62.96, 68.48, 79.43, 80.16, 81.64]",xDy6N0ZIiJw_72-155
213,5816,SzNG--d0fdc,192.875,partially,mix,83956,slightly,blend,push,press,492843.0,177.89,whip,mix,492845.0,257.99,[],[],[],[],SzNG--d0fdc_192-875
214,6318,QAyh-Ab7vgg,49.98,quickly,melt,106686,quickly,melt,add,add,575204.0,46.83,add,add,575206.0,51.26,"['drain', 'place', 'add', 'add', 'stir', 'add', 'stir']","['drain', 'put', 'add', 'add', 'mix', 'add', 'mix']","[575202, 575203, 575204, 575206, 575207, 575208, 575209]","[44.47, 43.81, 46.83, 51.26, 54.23, 53.99, 57.62]",QAyh-Ab7vgg_49-98
215,11492,PmOPr45yA5g,87.065,finely,cut,105209,finely,chop,add,add,197383.0,86.87,stir,mix,197384.0,92.1,"['add', 'stir', 'toss', 'mix']","['add', 'mix', 'turn', 'mix']","[197383, 197384, 197385, 197386]","[86.87, 92.1, 94.17, 96.4]",PmOPr45yA5g_87-065
216,5325,QVV_6LCm20s,239.05,quickly,turn,101028,quickly,turn,add,add,107766.0,218.21,crumble,sprinkle,107768.0,243.37,['crumble'],['sprinkle'],[107768],[243.37],QVV_6LCm20s_239-05
217,2656,IiqVi5eu59I,284.13,slowly,mix,81790,slowly,whip,turn,turn,337674.0,282.13,add,add,337676.0,291.45,"['turn', 'turn', 'add']","['turn', 'turn', 'add']","[337673, 337674, 337676]","[274.3, 282.13, 291.45]",IiqVi5eu59I_284-13
218,14047,kVgHAsP5NDE,100.29,partially,close,77194,not completely,seal,hold,hold,424142.0,51.24,hang,mount,424144.0,105.22,['hang'],['mount'],[424144],[105.22],kVgHAsP5NDE_100-29
219,9565,HMp1n_ZJYk4,320.86,completely,cool,91537,completely,cool,,,,,,,,,[],[],[],[],HMp1n_ZJYk4_320-86
220,8371,usUttC8D0fE,376.975,slowly,cook,93400,slowly,bubble,cook,cook,264947.0,352.6,cook,cook,264949.0,386.53,['cook'],['cook'],[264949],[386.53],usUttC8D0fE_376-975
221,3806,ZNwExCZwiwQ,66.815,quickly,cut,109761,quickly,chop,set,set,417301.0,34.71,cut,cut,417303.0,80.52,[],[],[],[],ZNwExCZwiwQ_66-815
222,11341,sY6-0yQG-fk,158.415,quickly,cook,105209,quickly,cook,stick,stick,198162.0,148.22,turn,turn,198165.0,172.19,[],[],[],[],sY6-0yQG-fk_158-415
223,3947,6G0a_KFXc8I,202.615,finely,cut,113764,finely,chop,trim,cut,269517.0,194.34,add,add,269520.0,204.38,"['trim', 'use', 'add']","['cut', 'use', 'add']","[269517, 269518, 269520]","[194.34, 193.64, 204.38]",6G0a_KFXc8I_202-615
224,9599,oYsEhq8lEbk,167.47000000000003,completely,use,91537,completely,use,,,,,,,,,[],[],[],[],oYsEhq8lEbk_167-47000000000003
225,10214,D5WnI7ZfBvM,327.785,slowly,turn,96127,slowly,turn,pour,pour,174754.0,299.55,form,make,174756.0,346.88,[],[],[],[],D5WnI7ZfBvM_327-785
226,16102,LgJ9QYUM2ps,214.435,completely,cover,41950,completely,cover,rotate,turn,68314.0,209.28,fill,fill,68316.0,220.67,"['set', 'rotate', 'fill']","['set', 'turn', 'fill']","[68313, 68314, 68316]","[206.37, 209.28, 220.67]",LgJ9QYUM2ps_214-435
227,2855,MCJuAlJc1q0,217.865,completely,cook,26618,totally,bake,place,put,557121.0,210.33,brown,cook,557123.0,220.25,"['place', 'brown', 'handle', 'place']","['put', 'cook', 'hold', 'put']","[557121, 557123, 557124, 557125]","[210.33, 220.25, 221.93, 227.03]",MCJuAlJc1q0_217-865
228,13213,i-iI7GfrEYY,76.91499999999998,quickly,adjust,91586,quickly,change,use,use,170598.0,64.49,use,use,170600.0,83.12,"['use', 'crush', 'use']","['use', 'press', 'use']","[170600, 170601, 170602]","[83.12, 84.22, 86.84]",i-iI7GfrEYY_76-91499999999998
229,12729,29QWYUXjy4o,895.625,partially,fill,118421,briefly,fit,burn,burn,59182.0,784.56,,,,,[],[],[],[],29QWYUXjy4o_895-625
230,9947,x-0ZwT1EGYE,166.675,finely,cut,106568,finely,chop,add,add,583105.0,163.81,mince,cut,583107.0,166.96,"['add', 'mince']","['add', 'cut']","[583105, 583107]","[163.81, 166.96]",x-0ZwT1EGYE_166-675
231,3921,1VFN7MhzISk,100.205,quickly,hit,113764,quick,knock,build,make,274198.0,97.64,season,sprinkle,274200.0,102.73,"['build', 'season', 'assemble']","['make', 'sprinkle', 'make']","[274198, 274200, 274201]","[97.64, 102.73, 106.77]",1VFN7MhzISk_100-205
232,13565,PvxVNbOwzAQ,264.1,finely,cut,76412,fine,cut,peel,peel,408837.0,99.5,use,use,408841.0,301.8,[],[],[],[],PvxVNbOwzAQ_264-1
233,5820,IKTPhH2ZBcw,210.56,quickly,take,83956,quickly,grab,change,adjust,497090.0,153.93,start,start,497093.0,349.66,[],[],[],[],IKTPhH2ZBcw_210-56
234,4313,SFZutEIqqAU,442.68,partially,turn,40596,half,turn,rip,separate,238985.0,433.2,install,install,238988.0,480.63,['rip'],['separate'],[238985],[433.2],SFZutEIqqAU_442-68
235,1298,5CRLn1Bb1bg,188.665,slowly,add,16323,slowly,add,turn,turn,470403.0,184.71,cover,cover,470405.0,197.14,"['grease', 'turn', 'cover']","['spread', 'turn', 'cover']","[470402, 470403, 470405]","[180.78, 184.71, 197.14]",5CRLn1Bb1bg_188-665
236,13758,A62RNIyorAY,339.36,slowly,open,41718,slowly,open,cook,cook,597072.0,326.93,turn,turn,597076.0,369.63,[],[],[],[],A62RNIyorAY_339-36
237,4275,7Ny8SwDhQYY,157.11,slowly,lower,40596,slowly,lower,take,take,240438.0,153.35,adjust,adjust,240440.0,170.41,['take'],['take'],[240438],[153.35],7Ny8SwDhQYY_157-11
238,5327,RDY32qycf5E,845.73,completely,mix,101028,completely,mix,whisk,mix,107312.0,841.2,,,,,['whisk'],['mix'],[107312],[841.2],RDY32qycf5E_845-73
239,12450,sdoS6uqpi_Q,1395.525,partially,cook,29477,barely,cook,slide,move,480322.0,1384.48,saute,cook,480324.0,1462.15,[],[],[],[],sdoS6uqpi_Q_1395-525
240,1873,YbsBXWUlbSo,28.445,completely,wash,51659,thoroughly,wash,trim,cut,432542.0,22.72,rinse,wash,432545.0,32.14,"['trim', 'rinse', 'shake']","['cut', 'wash', 'shake']","[432542, 432545, 432546]","[22.72, 32.14, 38.01]",YbsBXWUlbSo_28-445
241,11088,E5svxWXd0no,241.885,partially,open,118831,slightly,open,bake,cook,304857.0,229.9,cool,cool,304859.0,243.57,"['cool', 'cool']","['cool', 'cool']","[304859, 304860]","[243.57, 249.71]",E5svxWXd0no_241-885
242,2605,yHdOqwI1DJk,259.71,finely,cut,81790,finely,slice,use,use,334119.0,258.1,add,add,334121.0,261.68,"['stir', 'use', 'add', 'roll']","['mix', 'use', 'add', 'roll']","[334118, 334119, 334121, 334122]","[251.55, 258.1, 261.68, 265.34]",yHdOqwI1DJk_259-71
243,8980,FnPyCGKSMjE,912.5,quickly,close,103832,quickly,seal,make,make,550065.0,903.2,crumble,sprinkle,550067.0,925.49,['make'],['make'],[550065],[903.2],FnPyCGKSMjE_912-5
244,17962,n44gVgvxR1s,28.68,quickly,attach,105762,quickly,join,cook,cook,347907.0,21.27,arrange,arrange,347910.0,66.55,['cook'],['cook'],[347907],[21.27],n44gVgvxR1s_28-68
245,561,uNwfuGYtHxU,271.37,partially,cook,97633,not fully,fry,add,add,444292.0,268.8,cut,cut,444294.0,274.82,"['add', 'cut', 'add']","['add', 'cut', 'add']","[444292, 444294, 444295]","[268.8, 274.82, 278.49]",uNwfuGYtHxU_271-37
246,13734,tYDJDiAEjL8,281.1,slowly,cook,41718,slowly,cook,turn,turn,594673.0,277.6,sit,sit,594675.0,300.79,['turn'],['turn'],[594673],[277.6],tYDJDiAEjL8_281-1
247,2048,LbgEa5hdBoM,526.375,completely,cool,16136,completely,cool,simmer,cook,54346.0,521.48,add,add,54348.0,527.29,"['add', 'simmer', 'add', 'start', 'add']","['add', 'cook', 'add', 'start', 'add']","[54345, 54346, 54348, 54349, 54350]","[517.23, 521.48, 527.29, 534.2, 535.7]",LbgEa5hdBoM_526-375
248,16709,1EA04NxM07w,64.68,completely,cool,85159,completely,cool,release,release,75812.0,60.09,cut,cut,75816.0,67.37,"['loosen', 'release', 'cut', 'cook']","['twist', 'release', 'cut', 'cook']","[75811, 75812, 75816, 75817]","[57.57, 60.09, 67.37, 71.01]",1EA04NxM07w_64-68
249,4455,UjJIx_uIEok,1118.5749999999996,slowly,lower,40596,slowly,lower,break,separate,236171.0,1085.57,fall,fall,236175.0,1119.26,"['fall', 'fall']","['fall', 'fall']","[236175, 236176]","[1119.26, 1123.42]",UjJIx_uIEok_1118-5749999999996
250,403,ihT1H3gHcWA,42.815,finely,cut,50348,thinly,slice,make,make,310694.0,25.08,marinate,soak,310696.0,61.36,[],[],[],[],ihT1H3gHcWA_42-815
251,13087,5meMmEz-yzE,160.67000000000004,completely,dip,91586,totally,coat,soften,cook,168157.0,158.97,cook,cook,168159.0,169.96,"['soften', 'cook']","['cook', 'cook']","[168157, 168159]","[158.97, 169.96]",5meMmEz-yzE_160-67000000000004
252,7799,IyffODlFS5E,257.615,quickly,dry,34938,fast,dry,stick,stick,519820.0,235.25,color,cook,519822.0,262.95,['color'],['cook'],[519822],[262.95],IyffODlFS5E_257-615
253,2120,TLiWGhKNsTs,808.755,partially,cover,16136,slightly,cover,secure,secure,55326.0,799.19,sit,sit,55328.0,829.03,['secure'],['secure'],[55326],[799.19],TLiWGhKNsTs_808-755
254,14672,Um63KmFDWzg,615.645,partially,cover,114508,halfway,cover,hold,hold,451663.0,603.99,dip,dip,316420.0,618.76,"['dip', 'dip']","['dip', 'dip']","[316420, 451665]","[618.76, 618.76]",Um63KmFDWzg_615-645
255,5773,_OEJy9uhaZY,613.64,partially,cook,118819,barely,warm,cook,cook,450425.0,613.0,rotate,turn,450427.0,618.98,"['hold', 'hold', 'cook', 'rotate']","['hold', 'hold', 'cook', 'turn']","[450423, 450424, 450425, 450427]","[604.35, 610.43, 613.0, 618.98]",_OEJy9uhaZY_613-64
256,2214,HCCcEzTVLZk,426.415,quickly,mix,16136,quickly,whisk,prepare,make,53176.0,423.82,heat,cook,53178.0,433.27,"['bring', 'set', 'prepare', 'heat']","['carry', 'set', 'make', 'cook']","[53174, 53175, 53176, 53178]","[419.66, 421.34, 423.82, 433.27]",HCCcEzTVLZk_426-415
257,7661,8clRwca-eL0,32.71,slowly,add,34938,slowly,add,start,start,516963.0,7.12,start,start,516966.0,55.48,[],[],[],[],8clRwca-eL0_32-71
258,14454,qYhB86EFOYE,59.19500000000001,partially,roll,114508,slightly,roll,flatten,spread,466722.0,51.04,flatten,spread,466724.0,69.15,"['flatten', 'flatten']","['spread', 'spread']","[466722, 466724]","[51.04, 69.15]",qYhB86EFOYE_59-19500000000001
259,12875,pw2A03Z91FI,426.02,completely,spread,76407,thoroughly,butter,pull,pull,281600.0,423.66,rise,raise,281602.0,429.15,"['pull', 'rise', 'stretch', 'drop']","['pull', 'raise', 'stretch', 'dip']","[281600, 281602, 281603, 281604]","[423.66, 429.15, 432.2, 436.01]",pw2A03Z91FI_426-02
260,13712,Wro1fs2EJL4,102.79,completely,cook,41718,completely,cook,add,add,592689.0,80.06,line,arrange,592692.0,107.38,"['line', 'add']","['arrange', 'add']","[592692, 592693]","[107.38, 110.99]",Wro1fs2EJL4_102-79
261,14947,KANDJJoVuOY,332.055,slowly,pour,75501,slowly,pour,use,use,25192.0,322.59,stir,mix,25194.0,334.37,"['use', 'stir', 'turn']","['use', 'mix', 'turn']","[25192, 25194, 25195]","[322.59, 334.37, 341.04]",KANDJJoVuOY_332-055
262,5102,1Um9ioJgOaw,77.16999999999999,finely,cut,101028,thinly,slice,fold,fold,109079.0,69.11,put,put,109080.0,85.31,"['stir', 'start', 'fold', 'put']","['mix', 'start', 'fold', 'put']","[109077, 109078, 109079, 109080]","[68.11, 68.45, 69.11, 85.31]",1Um9ioJgOaw_77-16999999999999
263,11283,A9N4hsXT_Yo,298.935,partially,cook,105209,partially,boil,add,add,196428.0,291.65,add,add,196430.0,301.87,"['add', 'add', 'add']","['add', 'add', 'add']","[196428, 196430, 196431]","[291.65, 301.87, 307.62]",A9N4hsXT_Yo_298-935
264,1004,AQwWJcazMJQ,1446.395,completely,cover,105259,totally,cover,pour,pour,15412.0,1443.4,use,use,15414.0,1454.28,"['pour', 'use']","['pour', 'use']","[15412, 15414]","[1443.4, 1454.28]",AQwWJcazMJQ_1446-395
265,15732,WBdwkDI5vTI,103.98,slowly,pour,23524,slowly,pour,grab,take,88147.0,103.25,pop,put,88150.0,128.25,['grab'],['take'],[88147],[103.25],WBdwkDI5vTI_103-98
266,6570,Ig9TPUZindg,220.015,completely,cook,20898,fully,cook,soak,soak,358889.0,216.08,thicken,cook,358891.0,228.54,"['simmer', 'soak', 'thicken']","['cook', 'soak', 'cook']","[358888, 358889, 358891]","[213.68, 216.08, 228.54]",Ig9TPUZindg_220-015
267,10369,YW1xOERDl2o,220.21,partially,cook,96127,slightly,thicken,bring,carry,176239.0,214.24,take,take,176242.0,239.16,['bring'],['carry'],[176239],[214.24],YW1xOERDl2o_220-21
268,9152,uY6ZPJF_cm8,405.315,partially,turn,103832,slightly,turn,simmer,cook,547007.0,395.18,cook,cook,547010.0,437.0,[],[],[],[],uY6ZPJF_cm8_405-315
269,9307,0WbZMYILDh4,189.655,completely,cook,96366,thoroughly,heat,mix,mix,135543.0,183.55,add,add,135546.0,205.4,['mix'],['mix'],[135543],[183.55],0WbZMYILDh4_189-655
270,9968,jgxnSdBy5nw,91.31,quickly,mix,106568,quickly,stir,beat,mix,582928.0,83.81,break,separate,582930.0,94.52,"['beat', 'beat', 'break', 'set']","['mix', 'mix', 'separate', 'set']","[582927, 582928, 582930, 582931]","[82.85, 83.81, 94.52, 99.56]",jgxnSdBy5nw_91-31
271,14108,kFlg3gQoLZg,493.06,slowly,mix,72954,slowly,stir,bring,carry,429892.0,474.29,make,make,429894.0,505.26,[],[],[],[],kFlg3gQoLZg_493-06
272,2128,J9RBeilGAlI,1147.62,partially,cook,16136,slightly,thicken,pour,pour,52661.0,1146.42,place,put,52662.0,1177.44,"['melt', 'pour']","['melt', 'pour']","[52659, 52661]","[1137.75, 1146.42]",J9RBeilGAlI_1147-62
273,11393,iqd1XyaW4zQ,90.2,completely,cool,105209,completely,cool,fry,cook,204060.0,84.94,dice,cut,204062.0,107.36,"['drain', 'fry']","['drain', 'cook']","[204058, 204060]","[81.59, 84.94]",iqd1XyaW4zQ_90-2
